{
    "fonts": [
        { "name": "Action", "fontFamily": "Action Man", "vector": "fonts/Action-Man/Action_Man.font.js" },
        { "name": "Arial", "fontFamily": "Arial", "vector": "fonts/Arial/Arial.font.js" },
		{ "name": "Bebas Neue", "fontFamily": "Bebas Neue", "boldAllowed": false, "italicAllowed": false, "vector": "fonts/Bebas-Neue/Bebas_Neue.font.js"},      
		{ "name": "Berliner", "fontFamily": "Berliner", "boldAllowed": false, "italicAllowed": false, "vector": "fonts/Berliner/Berliner.font.js"},      
		{ "name": "Bernier", "fontFamily": "BERNIER REGULAR", "boldAllowed": false, "italicAllowed": false, "vector": "fonts/Bernier/Bernier.font.js"},      
		{ "name": "Blackout Two AM", "fontFamily": "Blackout", "boldAllowed": false, "italicAllowed": false, "vector": "fonts/Blackout/Blackout-Two-AM.font.js"},
		{ "name": "Black Willow", "fontFamily": "Black Willow Rough", "boldAllowed": false, "italicAllowed": false, "vector": "fonts/Black-Willow/Black_Willow.font.js"},		
        { "name": "Capture It", "fontFamily": "Capture it", "boldAllowed": false, "italicAllowed": false, "vector": "fonts/Capture-It/Capture_It.font.js"},
        { "name": "Carnevalee Freakshow", "fontFamily": "Carnevalee Freakshow", "boldAllowed": false, "italicAllowed": false, "vector": "fonts/Carnevalee-Freakshow/Carnevalee-Freakshow.font.js"},
		{ "name": "Champagne", "fontFamily": "CAC Champagne", "boldAllowed": false, "italicAllowed": false, "vector": "fonts/Champagne/Champagne.font.js" },
		{ "name": "Chunk", "fontFamily": "ChunkFive", "boldAllowed": false, "italicAllowed": false, "vector": "fonts/Chunk/Chunk.font.js" },
		{ "name": "College", "fontFamily": "College", "italicAllowed": false, "vector": "fonts/College/College.font.js" },
		{ "name": "Compass", "fontFamily": "Compass", "italicAllowed": false, "vector": "fonts/Compass/Compass.font.js" },
		{ "name": "Deftone Stylus", "fontFamily": "Deftone Stylus", "boldAllowed": false, "italicAllowed": false, "vector": "fonts/Deftone/Deftone.font.js" },
		{ "name": "Desyrel", "fontFamily": "Desyrel", "boldAllowed": false, "italicAllowed": false, "vector": "fonts/Desyrel/Desyrel.font.js" },
		{ "name": "Deutsch Gothic", "fontFamily": "Deutsch Gothic", "boldAllowed": false, "italicAllowed": false, "vector": "fonts/Deutsch-Gothic/Deutsch_Gothic.font.js" },
		{ "name": "Diner Skinny", "fontFamily": "Diner-Skinny", "boldAllowed": false, "italicAllowed": false, "vector": "fonts/Dinner-Skinny/Dinner_Skinny.font.js" },
		{ "name": "Dirty Ego", "fontFamily": "Dirty Ego", "boldAllowed": false, "italicAllowed": false, "vector": "fonts/Dirty-Ego/Dirty_Ego.font.js" },
 		{ "name": "District", "fontFamily": "District", "boldAllowed": false, "italicAllowed": false, "vector": "fonts/District/District.font.js" },
 		{ "name": "Dited", "fontFamily": "Dited", "boldAllowed": false, "italicAllowed": false, "vector": "fonts/Dited/Dited.font.js" },
 		{ "name": "Dozen", "fontFamily": "Dozen", "boldAllowed": false, "italicAllowed": false, "vector": "fonts/Dozen/Dozen.font.js" },
 		{ "name": "Dusty Chalk", "fontFamily": "Rough__Dusty_Chalk", "boldAllowed": false, "italicAllowed": false, "vector": "fonts/Dusty-Chalk/Dusty_Chalk.font.js" },
 		{ "name": "Eraser", "fontFamily": "Eraser", "boldAllowed": false, "italicAllowed": false, "vector": "fonts/Eraser/Eraser.font.js" },
 		{ "name": "Exan", "fontFamily": "Exan", "boldAllowed": false, "italicAllowed": false, "vector": "fonts/Exan/Exan.font.js" },
 		{ "name": "Existence", "fontFamily": "Existence Unicase Light", "boldAllowed": false, "italicAllowed": false, "vector": "fonts/Existence-Unicase/Existence.font.js" },
 		{ "name": "Firecat", "fontFamily": "Firecat", "boldAllowed": false, "italicAllowed": false, "vector": "fonts/Firecat/Firecat.font.js" },
 		{ "name": "Foxhole", "fontFamily": "Foxhole", "boldAllowed": false, "italicAllowed": false, "vector": "fonts/Foxhole/Foxhole.font.js" },
 		{ "name": "Giant Head", "fontFamily": "Giant Head OT", "boldAllowed": false, "italicAllowed": false, "vector": "fonts/Giant-Head/Giant_Head.font.js" },
 		{ "name": "Glamor", "fontFamily": "Glamor", "vector": "fonts/Glamor/Glamor.font.js" },
 		{ "name": "Growl", "fontFamily": "Growl_rounded","boldAllowed": false, "italicAllowed": false, "vector": "fonts/Growl/Growl.font.js" },
 		{ "name": "Helltown", "fontFamily": "Helltown", "boldAllowed": false, "italicAllowed": false, "vector": "fonts/Helltown/Helltown.font.js" },
 		{ "name": "Kingthings Printing", "fontFamily": "Kingthings Printingkit", "boldAllowed": false, "italicAllowed": false, "vector": "fonts/Kingthings-Printing/Kingthings_Printing.font.js" },
 		{ "name": "Komika Title", "fontFamily": "Komika Title", "boldAllowed": false, "italicAllowed": false, "vector": "fonts/Komika-Title/Komika_Title.font.js" },
  		{ "name": "League Gothic", "fontFamily": "League Gothic", "boldAllowed": false, "vector": "fonts/League-Gothic/LeagueGothic.font.js" },
		{ "name": "Learning Curve Pro", "fontFamily": "Learning Curve Pro", "boldAllowed": false, "italicAllowed": false, "vector": "fonts/Learning-Curve/Learning_Curve.font.js" },
		{ "name": "Luna", "fontFamily": "Luna", "boldAllowed": false, "italicAllowed": false, "vector": "fonts/Luna/Luna.font.js" },
		{ "name": "Melma", "fontFamily": "Melma Black", "boldAllowed": false, "italicAllowed": false, "vector": "fonts/Melma/Melma.font.js" },
		{ "name": "Mosk", "fontFamily": "Mosk Normal 400", "boldAllowed": false, "italicAllowed": false, "vector": "fonts/Mosk/Mosk.font.js" },
		{ "name": "My Underwood", "fontFamily": "My Underwood", "boldAllowed": false, "italicAllowed": false, "vector": "fonts/My-Underwood/My_Underwood.font.js" },      
		{ "name": "Nickainley", "fontFamily": "Nickainley", "boldAllowed": false, "italicAllowed": false, "vector": "fonts/Nickainley/Nickainley.font.js" },      
		{ "name": "Nordic", "fontFamily": "Nordic Alternative","boldAllowed": false, "italicAllowed": false, "vector": "fonts/Nordic/Nordic.font.js" },      
		{ "name": "Orbitron", "fontFamily": "Orbitron", "boldAllowed": false, "italicAllowed": false, "vector": "fonts/Orbitron/Orbitron.font.js"},      
 		{ "name": "Quirko", "fontFamily": "Quirko", "boldAllowed": false, "italicAllowed": false, "vector": "fonts/Quirko/Quirko.font.js"},      
 		{ "name": "Reckless", "fontFamily": "Reckless", "boldAllowed": false, "italicAllowed": false, "vector": "fonts/Reckless/Reckless.font.js"},      
 		{ "name": "Reckoner", "fontFamily": "Reckoner", "boldAllowed": false, "italicAllowed": false, "vector": "fonts/Reckoner/Reckoner.font.js"},      
 		{ "name": "Royals", "fontFamily": "Royals", "boldAllowed": false, "vector": "fonts/Royals/Royals.font.js"},      
       { "name": "Seaside Resort", "fontFamily": "SeasideResortNF", "boldAllowed": false, "italicAllowed": false, "vector": "fonts/Seaside-Resort/Seaside_Resort.font.js" },
        { "name": "SF Collegiate", "fontFamily": "SF Collegiate", "boldAllowed": false, "italicAllowed": false, "vector": "fonts/SF-Collegiate/SF_Collegiate.font.js" },
        { "name": "Sinkin Sans", "fontFamily": "Sinkin Sans", "vector": "fonts/Sinkin-Sans/Sinkin_Sans.font.js" },
        { "name": "Snickles", "fontFamily": "Snickles", "boldAllowed": false, "italicAllowed": false, "vector": "fonts/Snickles/Snickles.font.js" },
        { "name": "Spin Cycle", "fontFamily": "Spin Cycle OT", "boldAllowed": false, "italicAllowed": false, "vector": "fonts/Spin-Cycle/Spin_Cycle.font.js" },
        { "name": "Sweet Sorrow", "fontFamily": "Sweet Sorrow", "boldAllowed": false, "italicAllowed": false, "vector": "fonts/Sweet-Sorrow/Sweet_Sorrow.font.js" },
        { "name": "Ubuntu", "fontFamily": "Ubuntu", "boldAllowed": false, "italicAllowed": false, "vector": "fonts/Ubuntu/Ubuntu.font.js" },
        { "name": "WC Rhesus", "fontFamily": "WC Rhesus A Bta", "boldAllowed": false, "italicAllowed": false , "vector": "fonts/WC-Rhesus/WC_Rhesus.font.js" }
    ]
}