﻿{
  "graphicsCategoriesList": [
    {
      "id": "r1",
      "name": "Animals",
      "thumb": "gallery/raster/thumbs/crab.png",
      "categories": [
        {
          "id": "1",
          "name": "Raster",
          "thumb": "gallery/raster/thumbs/crab.png",
          "graphicsList": [
            {
              "id": "11",
              "categoryId": "1",
              "name": "Crab",
              "description": "crab",
              "colors": "-1",
              "thumb": "gallery/raster/thumbs/crab.png",
              "image": "gallery/raster/crab.png"
            },
            {
              "id": "12",
              "categoryId": "1",
              "name": "Chinese Crab",
              "description": "crab, chinese",
              "colors": [ "#000000" ],
              "thumb": "gallery/raster/thumbs/chinese_crab.jpg",
              "image": "gallery/raster/chinese_crab.jpg"
            },
            {
              "id": "14",
              "categoryId": "1",
              "name": "Teapot",
              "description": "teapot",
              "colors": [ "#4682B4" ],
              "thumb": "gallery/raster/thumbs/teapot.png",
              "image": "gallery/raster/teapot.png"
            }
          ]
        },
        {
          "id": "2",
          "name": "Vector",
          "thumb": "gallery/animals/PNG/crab.png",
          "graphicsList": [
            {
              "id": "21",
              "categoryId": "2",
              "name": "Crab",
              "description": "crab",
              "colorize": true,
              "thumb": "gallery/animals/PNG/crab.png",
              "image": "gallery/animals/SVG/crab.svg"
            },
            {
              "id": "22",
              "categoryId": "2",
              "name": "Butterfly",
              "description": "butterfly",
              "colors": [ "#F67F00", "#FFF6E3", "#000000" ],
              "thumb": "gallery/animals/PNG/butterfly.png",
              "image": "gallery/animals/SVG/butterfly.svg"
            },
            {
              "id": "23",
              "categoryId": "2",
              "name": "Lion",
              "description": "lion, animal",
              "colors": "7",
              "thumb": "gallery/animals/PNG/lion.png",
              "image": "gallery/animals/SVG/lion.svg"
            },
            {
              "id": "24",
              "categoryId": "2",
              "name": "Lizard",
              "description": "lizard, animal",
              "colorize": true,
              "thumb": "gallery/animals/PNG/lizard.png",
              "image": "gallery/animals/SVG/lizard.svg"
            },
            {
              "id": "25",
              "categoryId": "2",
              "name": "Killer whale",
              "description": "orca, killer, whale, animal",
              "colors": "3",
              "thumb": "gallery/animals/PNG/orca.png",
              "image": "gallery/animals/SVG/orca.svg"
            },
            {
              "id": "26",
              "categoryId": "2",
              "name": "Thunnus",
              "description": "thunnus, fish",
              "thumb": "gallery/animals/PNG/thunnus.png",
              "image": "gallery/animals/SVG/thunnus.svg",
              "multicolor": true,
              "colorizableElements": [
                {
                  "name": "Fill",
                  "id": ".tunnus-bg.fill"
                }
              ]
            },
            {
              "id": "28",
              "categoryId": "2",
              "name": "Pinguin",
              "description": "pinguin, bird",
              "thumb": "gallery/animals/PNG/pinguin.png",
              "image": "gallery/animals/SVG/pinguin.svg"
            },
            {
              "id": "29",
              "categoryId": "2",
              "name": "Toucan",
              "description": "toucan, bird",
              "colors": [ "#005BAB", "#FFE600", "#ED1C24", "#6D67AF", "#72BF44", "#F58220", "#003465" ],
              "thumb": "gallery/animals/PNG/toucan.png",
              "image": "gallery/animals/SVG/toucan.svg"
            },
            {
              "id": "210",
              "categoryId": "2",
              "name": "Sparrow",
              "description": "sparrow, bird",
              "colors": "6",
              "thumb": "gallery/animals/PNG/aimophila-ruficeps.png",
              "image": "gallery/animals/SVG/aimophila-ruficeps.svg"
            },
            {
              "id": "211",
              "categoryId": "2",
              "name": "Brittany spaniel",
              "description": "spaniel, animal, dog",
              "colors": "3",
              "thumb": "gallery/animals/PNG/brittany_spaniel.png",
              "image": "gallery/animals/SVG/brittany_spaniel.svg"
            },
            {
              "id": "212",
              "categoryId": "2",
              "name": "Zebra",
              "description": "zebra, animal",
              "colorize": true,
              "colors": [ "#FFFFFF", "#000000" ],
              "thumb": "gallery/animals/PNG/zebra.png",
              "image": "gallery/animals/SVG/zebra.svg"
            }
          ]
        },
        {
          "id": "4",
          "name": "Multicolor",
          "thumb": "gallery/Icons/multicolor/png/butterfly.png",
          "graphicsList": [
            {
              "id": "41",
              "categoryId": "4",
              "name": "Butterfly",
              "description": "butterfly",
              "multicolor": true,
              "thumb": "gallery/Icons/multicolor/png/butterfly.png",
              "image": "gallery/Icons/multicolor/svg/butterfly.svg",
              "colors": [ "#000000" ],
              "colorizableElements": [
                {
                  "name": "Top left",
                  "id": ".top_left.fill",
                  "hidePantones ": false,
                  "colors": [
                    {
                      "name": "Green",
                      "value": "#72BF44"
                    },
                    {
                      "name": "Red",
                      "value": "#F04C4B"
                    },
                    {
                      "name": "Yellow",
                      "value": "#F5ED57"
                    },
                    {
                      "name": "Blue",
                      "value": "#82D1DF"
                    }
                  ]
                },
                {
                  "name": "Top right",
                  "id": ".top_right.fill",
                  "hidePantones ": false,
                  "colors": [
                    {
                      "name": "Red",
                      "value": "#F04C4B"
                    },
                    {
                      "name": "Yellow",
                      "value": "#F5ED57"
                    },
                    {
                      "name": "Blue",
                      "value": "#82D1DF"
                    },
                    {
                      "name": "Green",
                      "value": "#72BF44"
                    }
                  ]
                },
                {
                  "name": "Bottom left",
                  "id": ".bottom_left.fill",
                  "hidePantones": true,
                  "colors": [
                    {
                      "name": "Yellow",
                      "value": "#F5ED57"
                    },
                    {
                      "name": "Blue",
                      "value": "#82D1DF"
                    },
                    {
                      "name": "Green",
                      "value": "#72BF44"
                    },
                    {
                      "name": "Red",
                      "value": "#F04C4B"
                    }
                  ]
                },
                {
                  "name": "Bottom right",
                  "id": ".bottom_right.fill",
                  "hidePantones": false,
                  "colors": [
                    {
                      "name": "Blue",
                      "value": "#82D1DF"
                    },
                    {
                      "name": "Green",
                      "value": "#72BF44"
                    },
                    {
                      "name": "Red",
                      "value": "#F04C4B"
                    },
                    {
                      "name": "Yellow",
                      "value": "#F5ED57"
                    }
                  ]
                }
              ]
            },
            {
              "id": "42",
              "categoryId": "4",
              "name": "Lion",
              "description": "lion",
              "multicolor": true,
              "thumb": "gallery/Icons/multicolor/png/lion.png",
              "image": "gallery/Icons/multicolor/svg/lion.svg",
              "colors": [ "#000000" ],
              "colorizableElements": [
                {
                  "name": "Muzzle",
                  "id": ".muzzle.fill",
                  "hidePantones": false
                },
                {
                  "name": "Mane",
                  "id": ".mane.fill",
                  "hidePantones": false
                }
              ]
            }
          ]
        }
      ]
    },
    {
      "id": "r2",
      "name": "Icons",
	  "thumb": "gallery/LineCons/PNG/like.png",
      "categories": [
        {
          "id": "3",
          "name": "Icons by linecons",
		  "thumb": "gallery/LineCons/PNG/fire.png",
          "graphicsList": [
            {
              "id": "301",
              "categoryId": "3",
              "name": "Banknote",
              "image": "gallery/LineCons/SVG/banknote.svg",
              "thumb": "gallery/LineCons/PNG/banknote.png",
              "description": "banknote",
              "colorize": true
            },
            {
              "id": "302",
              "categoryId": "3",
              "name": "Bubble",
              "image": "gallery/LineCons/SVG/bubble.svg",
              "thumb": "gallery/LineCons/PNG/bubble.png",
              "description": "bubble",
              "colorize": true
            },
            {
              "id": "303",
              "categoryId": "3",
              "name": "Bulb",
              "image": "gallery/LineCons/SVG/bulb.svg",
              "thumb": "gallery/LineCons/PNG/bulb.png",
              "description": "bulb",
              "colorize": true
            },
            {
              "id": "304",
              "categoryId": "3",
              "name": "Calendar",
              "image": "gallery/LineCons/SVG/calendar.svg",
              "thumb": "gallery/LineCons/PNG/calendar.png",
              "description": "calendar",
              "colorize": true
            },
            {
              "id": "305",
              "categoryId": "3",
              "name": "Camera",
              "image": "gallery/LineCons/SVG/camera.svg",
              "thumb": "gallery/LineCons/PNG/camera.png",
              "description": "camera",
              "colorize": true
            },
            {
              "id": "306",
              "categoryId": "3",
              "name": "Clip",
              "image": "gallery/LineCons/SVG/clip.svg",
              "thumb": "gallery/LineCons/PNG/clip.png",
              "description": "clip",
              "colorize": true
            },
            {
              "id": "307",
              "categoryId": "3",
              "name": "Clock",
              "image": "gallery/LineCons/SVG/clock.svg",
              "thumb": "gallery/LineCons/PNG/clock.png",
              "description": "clock",
              "colorize": true
            },
            {
              "id": "308",
              "categoryId": "3",
              "name": "Cloud",
              "image": "gallery/LineCons/SVG/cloud.svg",
              "thumb": "gallery/LineCons/PNG/cloud.png",
              "description": "cloud",
              "colorize": true
            },
            {
              "id": "309",
              "categoryId": "3",
              "name": "Cup",
              "image": "gallery/LineCons/SVG/cup.svg",
              "thumb": "gallery/LineCons/PNG/cup.png",
              "description": "cup",
              "colorize": true
            },
            {
              "id": "310",
              "categoryId": "3",
              "name": "Data",
              "image": "gallery/LineCons/SVG/data.svg",
              "thumb": "gallery/LineCons/PNG/data.png",
              "description": "data",
              "colorize": true
            },
            {
              "id": "311",
              "categoryId": "3",
              "name": "Diamond",
              "image": "gallery/LineCons/SVG/diamond.svg",
              "thumb": "gallery/LineCons/PNG/diamond.png",
              "description": "diamond",
              "colorize": true
            },
            {
              "id": "312",
              "categoryId": "3",
              "name": "Display",
              "image": "gallery/LineCons/SVG/display.svg",
              "thumb": "gallery/LineCons/PNG/display.png",
              "description": "display",
              "colorize": true
            },
            {
              "id": "313",
              "categoryId": "3",
              "name": "Eye",
              "image": "gallery/LineCons/SVG/eye.svg",
              "thumb": "gallery/LineCons/PNG/eye.png",
              "description": "eye",
              "colorize": true
            },
            {
              "id": "314",
              "categoryId": "3",
              "name": "Fire",
              "image": "gallery/LineCons/SVG/fire.svg",
              "thumb": "gallery/LineCons/PNG/fire.png",
              "description": "fire",
              "colorize": true
            },
            {
              "id": "315",
              "categoryId": "3",
              "name": "Food",
              "image": "gallery/LineCons/SVG/food.svg",
              "thumb": "gallery/LineCons/PNG/food.png",
              "description": "food",
              "colorize": true
            },
            {
              "id": "316",
              "categoryId": "3",
              "name": "Heart",
              "image": "gallery/LineCons/SVG/heart.svg",
              "thumb": "gallery/LineCons/PNG/heart.png",
              "description": "heart",
              "colorize": true
            },
            {
              "id": "317",
              "categoryId": "3",
              "name": "Key",
              "image": "gallery/LineCons/SVG/key.svg",
              "thumb": "gallery/LineCons/PNG/key.png",
              "description": "key",
              "colorize": true
            },
            {
              "id": "318",
              "categoryId": "3",
              "name": "Lab",
              "image": "gallery/LineCons/SVG/lab.svg",
              "thumb": "gallery/LineCons/PNG/lab.png",
              "description": "lab",
              "colorize": true
            },
            {
              "id": "319",
              "categoryId": "3",
              "name": "Like",
              "image": "gallery/LineCons/SVG/like.svg",
              "thumb": "gallery/LineCons/PNG/like.png",
              "description": "like",
              "colorize": true
            },
            {
              "id": "320",
              "categoryId": "3",
              "name": "Location",
              "image": "gallery/LineCons/SVG/location.svg",
              "thumb": "gallery/LineCons/PNG/location.png",
              "description": "location",
              "colorize": true
            },
            {
              "id": "321",
              "categoryId": "3",
              "name": "Lock",
              "image": "gallery/LineCons/SVG/lock.svg",
              "thumb": "gallery/LineCons/PNG/lock.png",
              "description": "lock",
              "colorize": true
            },
            {
              "id": "322",
              "categoryId": "3",
              "name": "Mail",
              "image": "gallery/LineCons/SVG/mail.svg",
              "thumb": "gallery/LineCons/PNG/mail.png",
              "description": "mail",
              "colorize": true
            },
            {
              "id": "323",
              "categoryId": "3",
              "name": "Megaphone",
              "image": "gallery/LineCons/SVG/megaphone.svg",
              "thumb": "gallery/LineCons/PNG/megaphone.png",
              "description": "megaphone",
              "colorize": true
            },
            {
              "id": "324",
              "categoryId": "3",
              "name": "Music",
              "image": "gallery/LineCons/SVG/music.svg",
              "thumb": "gallery/LineCons/PNG/music.png",
              "description": "music",
              "colorize": true
            },
            {
              "id": "325",
              "categoryId": "3",
              "name": "News",
              "image": "gallery/LineCons/SVG/news.svg",
              "thumb": "gallery/LineCons/PNG/news.png",
              "description": "news",
              "colorize": true
            },
            {
              "id": "326",
              "categoryId": "3",
              "name": "Note",
              "image": "gallery/LineCons/SVG/note.svg",
              "thumb": "gallery/LineCons/PNG/note.png",
              "description": "note",
              "colorize": true
            },
            {
              "id": "327",
              "categoryId": "3",
              "name": "Paperplane",
              "image": "gallery/LineCons/SVG/paperplane.svg",
              "thumb": "gallery/LineCons/PNG/paperplane.png",
              "description": "paperplane",
              "colorize": true
            },
            {
              "id": "328",
              "categoryId": "3",
              "name": "Params",
              "image": "gallery/LineCons/SVG/params.svg",
              "thumb": "gallery/LineCons/PNG/params.png",
              "description": "params",
              "colorize": true
            },
            {
              "id": "329",
              "categoryId": "3",
              "name": "Pen",
              "image": "gallery/LineCons/SVG/pen.svg",
              "thumb": "gallery/LineCons/PNG/pen.png",
              "description": "pen",
              "colorize": true
            },
            {
              "id": "330",
              "categoryId": "3",
              "name": "Phone",
              "image": "gallery/LineCons/SVG/phone.svg",
              "thumb": "gallery/LineCons/PNG/phone.png",
              "description": "phone",
              "colorize": true
            },
            {
              "id": "331",
              "categoryId": "3",
              "name": "Photo",
              "image": "gallery/LineCons/SVG/photo.svg",
              "thumb": "gallery/LineCons/PNG/photo.png",
              "description": "photo",
              "colorize": true
            },
            {
              "id": "332",
              "categoryId": "3",
              "name": "Search",
              "image": "gallery/LineCons/SVG/search.svg",
              "thumb": "gallery/LineCons/PNG/search.png",
              "description": "search",
              "colorize": true
            },
            {
              "id": "333",
              "categoryId": "3",
              "name": "Settings",
              "image": "gallery/LineCons/SVG/settings.svg",
              "thumb": "gallery/LineCons/PNG/settings.png",
              "description": "settings",
              "colorize": true
            },
            {
              "id": "334",
              "categoryId": "3",
              "name": "Shop",
              "image": "gallery/LineCons/SVG/shop.svg",
              "thumb": "gallery/LineCons/PNG/shop.png",
              "description": "shop",
              "colorize": true
            },
            {
              "id": "335",
              "categoryId": "3",
              "name": "Sound",
              "image": "gallery/LineCons/SVG/sound.svg",
              "thumb": "gallery/LineCons/PNG/sound.png",
              "description": "sound",
              "colorize": true
            },
            {
              "id": "336",
              "categoryId": "3",
              "name": "Stack",
              "image": "gallery/LineCons/SVG/stack.svg",
              "thumb": "gallery/LineCons/PNG/stack.png",
              "description": "stack",
              "colorize": true
            },
            {
              "id": "337",
              "categoryId": "3",
              "name": "Star",
              "image": "gallery/LineCons/SVG/star.svg",
              "thumb": "gallery/LineCons/PNG/star.png",
              "description": "star",
              "colorize": true
            },
            {
              "id": "338",
              "categoryId": "3",
              "name": "Study",
              "image": "gallery/LineCons/SVG/study.svg",
              "thumb": "gallery/LineCons/PNG/study.png",
              "description": "study",
              "colorize": true
            },
            {
              "id": "339",
              "categoryId": "3",
              "name": "T-shirt",
              "image": "gallery/LineCons/SVG/t-shirt.svg",
              "thumb": "gallery/LineCons/PNG/t-shirt.png",
              "description": "t-shirt",
              "colorize": true
            },
            {
              "id": "340",
              "categoryId": "3",
              "name": "Tag",
              "image": "gallery/LineCons/SVG/tag.svg",
              "thumb": "gallery/LineCons/PNG/tag.png",
              "description": "tag",
              "colorize": true
            },
            {
              "id": "341",
              "categoryId": "3",
              "name": "Trash",
              "image": "gallery/LineCons/SVG/trash.svg",
              "thumb": "gallery/LineCons/PNG/trash.png",
              "description": "trash",
              "colorize": true
            },
            {
              "id": "342",
              "categoryId": "3",
              "name": "Truck",
              "image": "gallery/LineCons/SVG/truck.svg",
              "thumb": "gallery/LineCons/PNG/truck.png",
              "description": "truck",
              "colorize": true
            },
            {
              "id": "343",
              "categoryId": "3",
              "name": "Tv",
              "image": "gallery/LineCons/SVG/tv.svg",
              "thumb": "gallery/LineCons/PNG/tv.png",
              "description": "tv",
              "colorize": true
            },
            {
              "id": "344",
              "categoryId": "3",
              "name": "User",
              "image": "gallery/LineCons/SVG/user.svg",
              "thumb": "gallery/LineCons/PNG/user.png",
              "description": "user",
              "colorize": true
            },
            {
              "id": "345",
              "categoryId": "3",
              "name": "Vallet",
              "image": "gallery/LineCons/SVG/vallet.svg",
              "thumb": "gallery/LineCons/PNG/vallet.png",
              "description": "vallet",
              "colorize": true
            },
            {
              "id": "346",
              "categoryId": "3",
              "name": "Video",
              "image": "gallery/LineCons/SVG/video.svg",
              "thumb": "gallery/LineCons/PNG/video.png",
              "description": "video",
              "colorize": true
            },
            {
              "id": "347",
              "categoryId": "3",
              "name": "Vynil",
              "image": "gallery/LineCons/SVG/vynil.svg",
              "thumb": "gallery/LineCons/PNG/vynil.png",
              "description": "vynil",
              "colorize": true
            },
            {
              "id": "348",
              "categoryId": "3",
              "name": "World",
              "image": "gallery/LineCons/SVG/world.svg",
              "thumb": "gallery/LineCons/PNG/world.png",
              "description": "world",
              "colorize": true
            }
          ]
        },
        {
          "id": "5",
          "name": "Animal icons",
		  "thumb": "gallery/Icons/animals/svg/butterfly.svg",
          "graphicsList": [
            {
              "id": "501",
              "categoryId": "5",
              "name": "Bear",
              "description": "bear",
              "colorize": true,
              "thumb": "gallery/Icons/animals/svg/bear.svg",
              "image": "gallery/Icons/animals/svg/bear.svg"
            },
            {
              "id": "502",
              "categoryId": "5",
              "name": "Butterfly",
              "description": "butterfly",
              "colorize": true,
              "thumb": "gallery/Icons/animals/svg/butterfly.svg",
              "image": "gallery/Icons/animals/svg/butterfly.svg"
            },
            {
              "id": "503",
              "categoryId": "5",
              "name": "Cat",
              "description": "cat",
              "colorize": true,
              "thumb": "gallery/Icons/animals/svg/cat.svg",
              "image": "gallery/Icons/animals/svg/cat.svg"
            },
            {
              "id": "504",
              "categoryId": "5",
              "name": "Dog",
              "description": "dog",
              "colorize": true,
              "thumb": "gallery/Icons/animals/svg/dog.svg",
              "image": "gallery/Icons/animals/svg/dog.svg"
            },
            {
              "id": "505",
              "categoryId": "5",
              "name": "Duck",
              "description": "duck, animal",
              "colorize": true,
              "thumb": "gallery/Icons/animals/svg/duck.svg",
              "image": "gallery/Icons/animals/svg/duck.svg"
            },
            {
              "id": "506",
              "categoryId": "5",
              "name": "Elephant",
              "description": "elephant",
              "colorize": true,
              "thumb": "gallery/Icons/animals/svg/elephant.svg",
              "image": "gallery/Icons/animals/svg/elephant.svg"
            },
            {
              "id": "507",
              "categoryId": "5",
              "name": "Monkey",
              "description": "monkey",
              "colorize": true,
              "thumb": "gallery/Icons/animals/svg/monkey.svg",
              "image": "gallery/Icons/animals/svg/monkey.svg"
            },
            {
              "id": "508",
              "categoryId": "5",
              "name": "Mouse",
              "description": "mouse",
              "colorize": true,
              "thumb": "gallery/Icons/animals/svg/mouse.svg",
              "image": "gallery/Icons/animals/svg/mouse.svg"
            },
            {
              "id": "509",
              "categoryId": "5",
              "name": "Pig",
              "description": "pig",
              "colorize": true,
              "thumb": "gallery/Icons/animals/svg/pig.svg",
              "image": "gallery/Icons/animals/svg/pig.svg"
            },
            {
              "id": "510",
              "categoryId": "5",
              "name": "Rabbit",
              "description": "rabbit, animal",
              "colorize": true,
              "thumb": "gallery/Icons/animals/svg/rabbit.svg",
              "image": "gallery/Icons/animals/svg/rabbit.svg"
            },
            {
              "id": "511",
              "categoryId": "5",
              "name": "Skunk",
              "description": "skunk, animal",
              "colorize": true,
              "thumb": "gallery/Icons/animals/svg/skunk.svg",
              "image": "gallery/Icons/animals/svg/skunk.svg"
            }
          ]
        },
        {
          "id": "6",
          "name": "Arrows",
		  "thumb": "gallery/Icons/arrows/svg/up.svg",
          "graphicsList": [
            {
              "id": "61",
              "categoryId": "5",
              "name": "Next",
              "description": "next",
              "colorize": true,
              "thumb": "gallery/Icons/arrows/svg/next.svg",
              "image": "gallery/Icons/arrows/svg/next.svg"
            },
            {
              "id": "62",
              "categoryId": "6",
              "name": "Previous",
              "description": "previous",
              "colorize": true,
              "thumb": "gallery/Icons/arrows/svg/previous.svg",
              "image": "gallery/Icons/arrows/svg/previous.svg"
            },
            {
              "id": "63",
              "categoryId": "6",
              "name": "Right",
              "description": "right",
              "colorize": true,
              "thumb": "gallery/Icons/arrows/svg/right.svg",
              "image": "gallery/Icons/arrows/svg/right.svg"
            },
            {
              "id": "64",
              "categoryId": "6",
              "name": "Right",
              "description": "right",
              "colorize": true,
              "thumb": "gallery/Icons/arrows/svg/right1.svg",
              "image": "gallery/Icons/arrows/svg/right1.svg"
            },
            {
              "id": "65",
              "categoryId": "5",
              "name": "Thin",
              "description": "thin",
              "colorize": true,
              "thumb": "gallery/Icons/arrows/svg/thin.svg",
              "image": "gallery/Icons/arrows/svg/thin.svg"
            },
            {
              "id": "66",
              "categoryId": "6",
              "name": "Up",
              "description": "up",
              "colorize": true,
              "thumb": "gallery/Icons/arrows/svg/up.svg",
              "image": "gallery/Icons/arrows/svg/up.svg"
            }
          ]
        },
        {
          "id": "7",
          "name": "Business icons",
		  "thumb": "gallery/Icons/business/svg/ascendant.svg",
          "graphicsList": [
            {
              "id": "701",
              "categoryId": "7",
              "name": "Ascendant",
              "description": "ascendant",
              "colorize": true,
              "thumb": "gallery/Icons/business/svg/ascendant.svg",
              "image": "gallery/Icons/business/svg/ascendant.svg"
            },
            {
              "id": "702",
              "categoryId": "7",
              "name": "Bars",
              "description": "bars",
              "colorize": true,
              "thumb": "gallery/Icons/business/svg/bars.svg",
              "image": "gallery/Icons/business/svg/bars.svg"
            },
            {
              "id": "703",
              "categoryId": "7",
              "name": "Briefcase",
              "description": "briefcase",
              "colorize": true,
              "thumb": "gallery/Icons/business/svg/briefcase.svg",
              "image": "gallery/Icons/business/svg/briefcase.svg"
            },
            {
              "id": "704",
              "categoryId": "7",
              "name": "Business",
              "description": "business",
              "colorize": true,
              "thumb": "gallery/Icons/business/svg/business.svg",
              "image": "gallery/Icons/business/svg/business.svg"
            },
            {
              "id": "705",
              "categoryId": "7",
              "name": "Calendar",
              "description": "calendar",
              "colorize": true,
              "thumb": "gallery/Icons/business/svg/calendar.svg",
              "image": "gallery/Icons/business/svg/calendar.svg"
            },
            {
              "id": "706",
              "categoryId": "7",
              "name": "Increasing",
              "description": "increasing",
              "colorize": true,
              "thumb": "gallery/Icons/business/svg/increasing.svg",
              "image": "gallery/Icons/business/svg/increasing.svg"
            },
            {
              "id": "707",
              "categoryId": "7",
              "name": "Line",
              "description": "line",
              "colorize": true,
              "thumb": "gallery/Icons/business/svg/line.svg",
              "image": "gallery/Icons/business/svg/line.svg"
            },
            {
              "id": "708",
              "categoryId": "7",
              "name": "Pen",
              "description": "pen",
              "colorize": true,
              "thumb": "gallery/Icons/business/svg/pen.svg",
              "image": "gallery/Icons/business/svg/pen.svg"
            },
            {
              "id": "709",
              "categoryId": "7",
              "name": "Pen",
              "description": "pen",
              "colorize": true,
              "thumb": "gallery/Icons/business/svg/pen1.svg",
              "image": "gallery/Icons/business/svg/pen1.svg"
            },
            {
              "id": "710",
              "categoryId": "7",
              "name": "Pencil",
              "description": "pencil",
              "colorize": true,
              "thumb": "gallery/Icons/business/svg/pencil.svg",
              "image": "gallery/Icons/business/svg/pencil.svg"
            },
            {
              "id": "711",
              "categoryId": "7",
              "name": "Pencil",
              "description": "pencil",
              "colorize": true,
              "thumb": "gallery/Icons/business/svg/pencil1.svg",
              "image": "gallery/Icons/business/svg/pencil1.svg"
            },
            {
              "id": "712",
              "categoryId": "7",
              "name": "Pie",
              "description": "pie",
              "colorize": true,
              "thumb": "gallery/Icons/business/svg/pie.svg",
              "image": "gallery/Icons/business/svg/pie.svg"
            },
            {
              "id": "713",
              "categoryId": "7",
              "name": "Rising",
              "description": "rising",
              "colorize": true,
              "thumb": "gallery/Icons/business/svg/rising.svg",
              "image": "gallery/Icons/business/svg/rising.svg"
            },
            {
              "id": "714",
              "categoryId": "7",
              "name": "Wristwatch",
              "description": "wristwatch",
              "colorize": true,
              "thumb": "gallery/Icons/business/svg/wristwatch.svg",
              "image": "gallery/Icons/business/svg/wristwatch.svg"
            }
          ]
        },
        {
          "id": "8",
          "name": "Emotions icons",
		  "thumb": "gallery/Icons/emotions/svg/emoticons3.svg",
          "graphicsList": [
            {
              "id": "801",
              "categoryId": "8",
              "name": "Angry",
              "description": "angry",
              "colorize": true,
              "thumb": "gallery/Icons/emotions/svg/angry.svg",
              "image": "gallery/Icons/emotions/svg/angry.svg"
            },
            {
              "id": "802",
              "categoryId": "8",
              "name": "Bad",
              "description": "bad",
              "colorize": true,
              "thumb": "gallery/Icons/emotions/svg/bad.svg",
              "image": "gallery/Icons/emotions/svg/bad.svg"
            },
            {
              "id": "803",
              "categoryId": "8",
              "name": "Emoticon",
              "description": "emoticon",
              "colorize": true,
              "thumb": "gallery/Icons/emotions/svg/emoticon.svg",
              "image": "gallery/Icons/emotions/svg/emoticon.svg"
            },
            {
              "id": "804",
              "categoryId": "8",
              "name": "Emoticon",
              "description": "emoticon",
              "colorize": true,
              "thumb": "gallery/Icons/emotions/svg/emoticon1.svg",
              "image": "gallery/Icons/emotions/svg/emoticon1.svg"
            },
            {
              "id": "805",
              "categoryId": "8",
              "name": "Emoticon",
              "description": "emoticon",
              "colorize": true,
              "thumb": "gallery/Icons/emotions/svg/emoticons2.svg",
              "image": "gallery/Icons/emotions/svg/emoticons2.svg"
            },
            {
              "id": "806",
              "categoryId": "8",
              "name": "Emoticon",
              "description": "emoticon",
              "colorize": true,
              "thumb": "gallery/Icons/emotions/svg/emoticons3.svg",
              "image": "gallery/Icons/emotions/svg/emoticons3.svg"
            },
            {
              "id": "807",
              "categoryId": "8",
              "name": "Happy",
              "description": "happy",
              "colorize": true,
              "thumb": "gallery/Icons/emotions/svg/happy.svg",
              "image": "gallery/Icons/emotions/svg/happy.svg"
            },
            {
              "id": "808",
              "categoryId": "8",
              "name": "Happy",
              "description": "happy",
              "colorize": true,
              "thumb": "gallery/Icons/emotions/svg/happy1.svg",
              "image": "gallery/Icons/emotions/svg/happy1.svg"
            },
            {
              "id": "809",
              "categoryId": "8",
              "name": "Happy",
              "description": "happy",
              "colorize": true,
              "thumb": "gallery/Icons/emotions/svg/happy2.svg",
              "image": "gallery/Icons/emotions/svg/happy2.svg"
            },
            {
              "id": "810",
              "categoryId": "8",
              "name": "Male",
              "description": "male",
              "colorize": true,
              "thumb": "gallery/Icons/emotions/svg/male.svg",
              "image": "gallery/Icons/emotions/svg/male.svg"
            },
            {
              "id": "811",
              "categoryId": "8",
              "name": "Nerd",
              "description": "nerd",
              "colorize": true,
              "thumb": "gallery/Icons/emotions/svg/nerd.svg",
              "image": "gallery/Icons/emotions/svg/nerd.svg"
            },
            {
              "id": "812",
              "categoryId": "8",
              "name": "Sad",
              "description": "sad",
              "colorize": true,
              "thumb": "gallery/Icons/emotions/svg/sad.svg",
              "image": "gallery/Icons/emotions/svg/sad.svg"
            },
            {
              "id": "813",
              "categoryId": "8",
              "name": "Sad",
              "description": "sad",
              "colorize": true,
              "thumb": "gallery/Icons/emotions/svg/sad1.svg",
              "image": "gallery/Icons/emotions/svg/sad1.svg"
            },
            {
              "id": "814",
              "categoryId": "8",
              "name": "Sleeping",
              "description": "sleeping",
              "colorize": true,
              "thumb": "gallery/Icons/emotions/svg/sleeping.svg",
              "image": "gallery/Icons/emotions/svg/sleeping.svg"
            },
            {
              "id": "815",
              "categoryId": "8",
              "name": "Smiley",
              "description": "smiley",
              "colorize": true,
              "thumb": "gallery/Icons/emotions/svg/smiley.svg",
              "image": "gallery/Icons/emotions/svg/smiley.svg"
            },
            {
              "id": "816",
              "categoryId": "8",
              "name": "Smiling",
              "description": "smiling",
              "colorize": true,
              "thumb": "gallery/Icons/emotions/svg/smiling.svg",
              "image": "gallery/Icons/emotions/svg/smiling.svg"
            },
            {
              "id": "817",
              "categoryId": "8",
              "name": "Smiling",
              "description": "smiling",
              "colorize": true,
              "thumb": "gallery/Icons/emotions/svg/smiling1.svg",
              "image": "gallery/Icons/emotions/svg/smiling1.svg"
            },
            {
              "id": "818",
              "categoryId": "8",
              "name": "Smiling",
              "description": "smiling",
              "colorize": true,
              "thumb": "gallery/Icons/emotions/svg/smiling2.svg",
              "image": "gallery/Icons/emotions/svg/smiling2.svg"
            },
            {
              "id": "819",
              "categoryId": "8",
              "name": "Smiling",
              "description": "smiling",
              "colorize": true,
              "thumb": "gallery/Icons/emotions/svg/smiling3.svg",
              "image": "gallery/Icons/emotions/svg/smiling3.svg"
            },
            {
              "id": "820",
              "categoryId": "8",
              "name": "Smiling",
              "description": "smiling",
              "colorize": true,
              "thumb": "gallery/Icons/emotions/svg/smiling4.svg",
              "image": "gallery/Icons/emotions/svg/smiling4.svg"
            },
            {
              "id": "821",
              "categoryId": "8",
              "name": "Smiling",
              "description": "smiling",
              "colorize": true,
              "thumb": "gallery/Icons/emotions/svg/smiling5.svg",
              "image": "gallery/Icons/emotions/svg/smiling5.svg"
            },
            {
              "id": "822",
              "categoryId": "8",
              "name": "Smiling",
              "description": "smiling",
              "colorize": true,
              "thumb": "gallery/Icons/emotions/svg/smiling6.svg",
              "image": "gallery/Icons/emotions/svg/smiling6.svg"
            },
            {
              "id": "823",
              "categoryId": "8",
              "name": "Surprised",
              "description": "surprised",
              "colorize": true,
              "thumb": "gallery/Icons/emotions/svg/surprised.svg",
              "image": "gallery/Icons/emotions/svg/surprised.svg"
            },
            {
              "id": "824",
              "categoryId": "8",
              "name": "Wink",
              "description": "wink",
              "colorize": true,
              "thumb": "gallery/Icons/emotions/svg/wink.svg",
              "image": "gallery/Icons/emotions/svg/wink.svg"
            },
            {
              "id": "825",
              "categoryId": "8",
              "name": "Winking",
              "description": "winking",
              "colorize": true,
              "thumb": "gallery/Icons/emotions/svg/winking.svg",
              "image": "gallery/Icons/emotions/svg/winking.svg"
            }
          ]
        },
        {
          "id": "9",
          "name": "Logistics icons",
		  "thumb": "gallery/Icons/logistics/png/delivery.png",
          "graphicsList": [
            {
              "id": "901",
              "categoryId": "9",
              "name": "24 hours",
              "description": "24 hours",
              "colorize": true,
              "thumb": "gallery/Icons/logistics/png/24.png",
              "image": "gallery/Icons/logistics/svg/24.svg"
            },
            {
              "id": "902",
              "categoryId": "9",
              "name": "24 hours",
              "description": "24 hours",
              "colorize": true,
              "thumb": "gallery/Icons/logistics/png/24_1.png",
              "image": "gallery/Icons/logistics/svg/24_1.svg"
            },
            {
              "id": "903",
              "categoryId": "9",
              "name": "Air",
              "description": "air",
              "colorize": true,
              "thumb": "gallery/Icons/logistics/png/air.png",
              "image": "gallery/Icons/logistics/svg/air.svg"
            },
            {
              "id": "904",
              "categoryId": "9",
              "name": "Airplane",
              "description": "airplane",
              "colorize": true,
              "thumb": "gallery/Icons/logistics/png/airplane.png",
              "image": "gallery/Icons/logistics/svg/airplane.svg"
            },
            {
              "id": "905",
              "categoryId": "9",
              "name": "Call",
              "description": "call",
              "colorize": true,
              "thumb": "gallery/Icons/logistics/png/call.png",
              "image": "gallery/Icons/logistics/svg/call.svg"
            },
            {
              "id": "906",
              "categoryId": "9",
              "name": "Commercial",
              "description": "commercial",
              "colorize": true,
              "thumb": "gallery/Icons/logistics/png/commercial.png",
              "image": "gallery/Icons/logistics/svg/commercial.svg"
            },
            {
              "id": "907",
              "categoryId": "9",
              "name": "Delivery",
              "description": "delivery",
              "colorize": true,
              "thumb": "gallery/Icons/logistics/png/delivery.png",
              "image": "gallery/Icons/logistics/svg/delivery.svg"
            },
            {
              "id": "908",
              "categoryId": "9",
              "name": "Delivery",
              "description": "delivery",
              "colorize": true,
              "thumb": "gallery/Icons/logistics/png/delivery1.png",
              "image": "gallery/Icons/logistics/svg/delivery1.svg"
            },
            {
              "id": "909",
              "categoryId": "9",
              "name": "Delivery",
              "description": "delivery",
              "colorize": true,
              "thumb": "gallery/Icons/logistics/png/delivery2.png",
              "image": "gallery/Icons/logistics/svg/delivery2.svg"
            },
            {
              "id": "910",
              "categoryId": "9",
              "name": "Delivery",
              "description": "delivery",
              "colorize": true,
              "thumb": "gallery/Icons/logistics/png/delivery3.png",
              "image": "gallery/Icons/logistics/svg/delivery3.svg"
            },
            {
              "id": "911",
              "categoryId": "9",
              "name": "International",
              "description": "international",
              "colorize": true,
              "thumb": "gallery/Icons/logistics/png/international.png",
              "image": "gallery/Icons/logistics/svg/international.svg"
            },
            {
              "id": "912",
              "categoryId": "9",
              "name": "Logistics",
              "description": "logistics",
              "colorize": true,
              "thumb": "gallery/Icons/logistics/png/logistics.png",
              "image": "gallery/Icons/logistics/svg/logistics.svg"
            },
            {
              "id": "913",
              "categoryId": "9",
              "name": "Package",
              "description": "package",
              "colorize": true,
              "thumb": "gallery/Icons/logistics/png/package.png",
              "image": "gallery/Icons/logistics/svg/package.svg"
            },
            {
              "id": "914",
              "categoryId": "9",
              "name": "Phone",
              "description": "phone",
              "colorize": true,
              "thumb": "gallery/Icons/logistics/png/phone.png",
              "image": "gallery/Icons/logistics/svg/phone.svg"
            },
            {
              "id": "915",
              "categoryId": "9",
              "name": "Placeholder",
              "description": "placeholder",
              "colorize": true,
              "thumb": "gallery/Icons/logistics/png/placeholder.png",
              "image": "gallery/Icons/logistics/svg/placeholder.svg"
            },
            {
              "id": "916",
              "categoryId": "9",
              "name": "Talking",
              "description": "talking",
              "colorize": true,
              "thumb": "gallery/Icons/logistics/png/talking.png",
              "image": "gallery/Icons/logistics/svg/talking.svg"
            },
            {
              "id": "917",
              "categoryId": "9",
              "name": "Telephone",
              "description": "telephone",
              "colorize": true,
              "thumb": "gallery/Icons/logistics/png/telephone.png",
              "image": "gallery/Icons/logistics/svg/telephone.svg"
            },
            {
              "id": "918",
              "categoryId": "9",
              "name": "Triangular",
              "description": "triangular",
              "colorize": true,
              "thumb": "gallery/Icons/logistics/png/triangular.png",
              "image": "gallery/Icons/logistics/svg/triangular.svg"
            },
            {
              "id": "919",
              "categoryId": "9",
              "name": "Verification",
              "description": "verification",
              "colorize": true,
              "thumb": "gallery/Icons/logistics/png/verification.png",
              "image": "gallery/Icons/logistics/svg/verification.svg"
            }
          ]
        },
        {
          "id": "10",
          "name": "Music icons",
		  "thumb": "gallery/Icons/music/png/dj.png",
          "graphicsList": [
            {
              "id": "1001",
              "categoryId": "10",
              "name": "Acoustic",
              "description": "acoustic",
              "colorize": true,
              "thumb": "gallery/Icons/music/png/acoustic.png",
              "image": "gallery/Icons/music/svg/acoustic.svg"
            },
            {
              "id": "1002",
              "categoryId": "10",
              "name": "Bass",
              "description": "bass",
              "colorize": true,
              "thumb": "gallery/Icons/music/png/bass.png",
              "image": "gallery/Icons/music/svg/bass.svg"
            },
            {
              "id": "1003",
              "categoryId": "10",
              "name": "DJ",
              "description": "dj",
              "colorize": true,
              "thumb": "gallery/Icons/music/png/dj.png",
              "image": "gallery/Icons/music/svg/dj.svg"
            },
            {
              "id": "1004",
              "categoryId": "10",
              "name": "Microphone",
              "description": "microphone",
              "colorize": true,
              "thumb": "gallery/Icons/music/png/microphone.png",
              "image": "gallery/Icons/music/svg/microphone.svg"
            },
            {
              "id": "1005",
              "categoryId": "10",
              "name": "Musical",
              "description": "musical",
              "colorize": true,
              "thumb": "gallery/Icons/music/png/musical.png",
              "image": "gallery/Icons/music/svg/musical.svg"
            },
            {
              "id": "1006",
              "categoryId": "10",
              "name": "Treble",
              "description": "treble",
              "colorize": true,
              "thumb": "gallery/Icons/music/png/treble.png",
              "image": "gallery/Icons/music/svg/treble.svg"
            }
          ]
        },
        {
          "id": "11",
          "name": "Sport icons",
		  "thumb": "gallery/Icons/sports/png/swimming.png",
          "graphicsList": [
            {
              "id": "1101",
              "categoryId": "11",
              "name": "Barbell",
              "description": "barbell",
              "colorize": true,
              "thumb": "gallery/Icons/sports/png/barbell.png",
              "image": "gallery/Icons/sports/svg/barbell.svg"
            },
            {
              "id": "1102",
              "categoryId": "11",
              "name": "Basketball",
              "description": "basketball",
              "colorize": true,
              "thumb": "gallery/Icons/sports/png/basketball.png",
              "image": "gallery/Icons/sports/svg/basketball.svg"
            },
            {
              "id": "1103",
              "categoryId": "11",
              "name": "Finish",
              "description": "finish",
              "colorize": true,
              "thumb": "gallery/Icons/sports/png/finish.png",
              "image": "gallery/Icons/sports/svg/finish.svg"
            },
            {
              "id": "1104",
              "categoryId": "11",
              "name": "Regular",
              "description": "regular",
              "colorize": true,
              "thumb": "gallery/Icons/sports/png/regular.png",
              "image": "gallery/Icons/sports/svg/regular.svg"
            },
            {
              "id": "1105",
              "categoryId": "11",
              "name": "Runner",
              "description": "runner",
              "colorize": true,
              "thumb": "gallery/Icons/sports/png/runner.png",
              "image": "gallery/Icons/sports/svg/runner.svg"
            },
            {
              "id": "1106",
              "categoryId": "11",
              "name": "Skiing",
              "description": "skiing",
              "colorize": true,
              "thumb": "gallery/Icons/sports/png/skiing.png",
              "image": "gallery/Icons/sports/svg/skiing.svg"
            },
            {
              "id": "1107",
              "categoryId": "11",
              "name": "Soccer",
              "description": "soccer",
              "colorize": true,
              "thumb": "gallery/Icons/sports/png/soccer.png",
              "image": "gallery/Icons/sports/svg/soccer.svg"
            },
            {
              "id": "1108",
              "categoryId": "11",
              "name": "Soccer",
              "description": "soccer",
              "colorize": true,
              "thumb": "gallery/Icons/sports/png/soccer1.png",
              "image": "gallery/Icons/sports/svg/soccer1.svg"
            },
            {
              "id": "1109",
              "categoryId": "11",
              "name": "Swimming",
              "description": "swimming",
              "colorize": true,
              "thumb": "gallery/Icons/sports/png/swimming.png",
              "image": "gallery/Icons/sports/svg/swimming.svg"
            }
          ]
        },
        {
          "id": "12",
          "name": "Transport icons",
		  "thumb": "gallery/Icons/transport/svg/sedan.svg",
          "graphicsList": [
            {
              "id": "1201",
              "categoryId": "12",
              "name": "Bicycle",
              "description": "bicycle",
              "colorize": true,
              "thumb": "gallery/Icons/transport/svg/bicycle.svg",
              "image": "gallery/Icons/transport/svg/bicycle.svg"
            },
            {
              "id": "1202",
              "categoryId": "12",
              "name": "Bus",
              "description": "bus",
              "colorize": true,
              "thumb": "gallery/Icons/transport/svg/bus.svg",
              "image": "gallery/Icons/transport/svg/bus.svg"
            },
            {
              "id": "1203",
              "categoryId": "12",
              "name": "Car",
              "description": "car",
              "colorize": true,
              "thumb": "gallery/Icons/transport/svg/car.svg",
              "image": "gallery/Icons/transport/svg/car.svg"
            },
            {
              "id": "1204",
              "categoryId": "12",
              "name": "Motorcycle",
              "description": "motorcycle",
              "colorize": true,
              "thumb": "gallery/Icons/transport/svg/motorcycle.svg",
              "image": "gallery/Icons/transport/svg/motorcycle.svg"
            },
            {
              "id": "1205",
              "categoryId": "12",
              "name": "Sedan",
              "description": "sedan",
              "colorize": true,
              "thumb": "gallery/Icons/transport/svg/sedan.svg",
              "image": "gallery/Icons/transport/svg/sedan.svg"
            },
            {
              "id": "1206",
              "categoryId": "12",
              "name": "Semaphore",
              "description": "semaphore",
              "colorize": true,
              "thumb": "gallery/Icons/transport/svg/semaphore.svg",
              "image": "gallery/Icons/transport/svg/semaphore.svg"
            },
            {
              "id": "1207",
              "categoryId": "12",
              "name": "Traffic",
              "description": "traffic",
              "colorize": true,
              "thumb": "gallery/Icons/transport/svg/traffic.svg",
              "image": "gallery/Icons/transport/svg/traffic.svg"
            },
            {
              "id": "1208",
              "categoryId": "12",
              "name": "Train",
              "description": "train",
              "colorize": true,
              "thumb": "gallery/Icons/transport/svg/train.svg",
              "image": "gallery/Icons/transport/svg/train.svg"
            }
          ]
        },
        {
          "id": "13",
          "name": "Travel icons",
		  "thumb": "gallery/Icons/travel/svg/photo.svg",
          "graphicsList": [
            {
              "id": "1301",
              "categoryId": "13",
              "name": "Coconut",
              "description": "coconut",
              "colorize": true,
              "thumb": "gallery/Icons/travel/svg/coconut.svg",
              "image": "gallery/Icons/travel/svg/coconut.svg"
            },
            {
              "id": "1302",
              "categoryId": "13",
              "name": "Photo",
              "description": "photo",
              "colorize": true,
              "thumb": "gallery/Icons/travel/svg/photo.svg",
              "image": "gallery/Icons/travel/svg/photo.svg"
            },
            {
              "id": "1303",
              "categoryId": "13",
              "name": "Plane",
              "description": "plane",
              "colorize": true,
              "thumb": "gallery/Icons/travel/svg/plane.svg",
              "image": "gallery/Icons/travel/svg/plane.svg"
            }
          ]
        }
      ]
    }
  ]
}