﻿{
    "colors": [
  {
    "name": "Yellow C",
    "value": "#FEDD00"
  },
  {
    "name": "Yellow 012 C",
    "value": "#FFD700"
  },
  {
    "name": "Orange 021 C",
    "value": "#FE5000"
  },
  {
    "name": "Warm Red C",
    "value": "#F9423A"
  },
  {
    "name": "Red 032 C",
    "value": "#EF3340"
  },
  {
    "name": "Rubine Red C",
    "value": "#CE0058"
  },
  {
    "name": "Rhodamine Red C",
    "value": "#E10098"
  },
  {
    "name": "Purple C",
    "value": "#BB29BB"
  },
  {
    "name": "Violet C",
    "value": "#440099"
  },
  {
    "name": "Blue 072 C",
    "value": "#10069F"
  },
  {
    "name": "Reflex Blue C",
    "value": "#001489"
  },
  {
    "name": "Process Blue C",
    "value": "#0085CA"
  },
  {
    "name": "Green C",
    "value": "#00AB84"
  },
  {
    "name": "Black C",
    "value": "#2D2926"
  },
  {
    "name": "Yellow 0131 C",
    "value": "#F2F0A1"
  },
  {
    "name": "Red 0331 C",
    "value": "#FCAEBB"
  },
  {
    "name": "Magenta 0521 C",
    "value": "#F1B2DC"
  },
  {
    "name": "Violet 0631 C",
    "value": "#BF9BDE"
  },
  {
    "name": "Blue 0821 C",
    "value": "#74D1EA"
  },
  {
    "name": "Green 0921 C",
    "value": "#9DE7D7"
  },
  {
    "name": "Black 0961 C",
    "value": "#9E978E"
  },
  {
    "name": "801 C",
    "value": "#009ACE"
  },
  {
    "name": "802 C",
    "value": "#44D62C"
  },
  {
    "name": "803 C",
    "value": "#FFE900"
  },
  {
    "name": "804 C",
    "value": "#FFAA4D"
  },
  {
    "name": "805 C",
    "value": "#FF7276"
  },
  {
    "name": "806 C",
    "value": "#FF3EB5"
  },
  {
    "name": "807 C",
    "value": "#EA27C2"
  },
  {
    "name": "871 C",
    "value": "#84754E"
  },
  {
    "name": "872 C",
    "value": "#85714D"
  },
  {
    "name": "873 C",
    "value": "#866D4B"
  },
  {
    "name": "874 C",
    "value": "#8B6F4E"
  },
  {
    "name": "875 C",
    "value": "#87674F"
  },
  {
    "name": "876 C",
    "value": "#8B634B"
  },
  {
    "name": "877 C",
    "value": "#8A8D8F"
  },
  {
    "name": "Medium Yellow C",
    "value": "#FFD900"
  },
  {
    "name": "Bright Orange C",
    "value": "#FF5E00"
  },
  {
    "name": "Bright Red C",
    "value": "#F93822"
  },
  {
    "name": "Strong Red C",
    "value": "#CE0056"
  },
  {
    "name": "Pink C",
    "value": "#D62598"
  },
  {
    "name": "Medium Purple C",
    "value": "#4E008E"
  },
  {
    "name": "Dark Blue C",
    "value": "#00239C"
  },
  {
    "name": "Medium Blue C",
    "value": "#0084CA"
  },
  {
    "name": "Bright Green C",
    "value": "#00B08B"
  },
  {
    "name": "Neutral Black C",
    "value": "#222223"
  },
  {
    "name": "100 C",
    "value": "#F6EB61"
  },
  {
    "name": "101 C",
    "value": "#F7EA48"
  },
  {
    "name": "102 C",
    "value": "#FCE300"
  },
  {
    "name": "103 C",
    "value": "#C5A900"
  },
  {
    "name": "104 C",
    "value": "#AF9800"
  },
  {
    "name": "105 C",
    "value": "#897A27"
  },
  {
    "name": "7401 C",
    "value": "#F5E1A4"
  },
  {
    "name": "7402 C",
    "value": "#ECD898"
  },
  {
    "name": "7403 C",
    "value": "#EED484"
  },
  {
    "name": "7404 C",
    "value": "#F4DA40"
  },
  {
    "name": "7405 C",
    "value": "#F2CD00"
  },
  {
    "name": "7406 C",
    "value": "#F1C400"
  },
  {
    "name": "7407 C",
    "value": "#CBA052"
  },
  {
    "name": "106 C",
    "value": "#F9E547"
  },
  {
    "name": "107 C",
    "value": "#FBE122"
  },
  {
    "name": "108 C",
    "value": "#FEDB00"
  },
  {
    "name": "109 C",
    "value": "#FFD100"
  },
  {
    "name": "110 C",
    "value": "#DAAA00"
  },
  {
    "name": "111 C",
    "value": "#AA8A00"
  },
  {
    "name": "112 C",
    "value": "#9C8412"
  },
  {
    "name": "113 C",
    "value": "#FAE053"
  },
  {
    "name": "114 C",
    "value": "#FBDD40"
  },
  {
    "name": "115 C",
    "value": "#FDDA24"
  },
  {
    "name": "116 C",
    "value": "#FFCD00"
  },
  {
    "name": "117 C",
    "value": "#C99700"
  },
  {
    "name": "118 C",
    "value": "#AC8400"
  },
  {
    "name": "119 C",
    "value": "#897322"
  },
  {
    "name": "127 C",
    "value": "#F3DD6D"
  },
  {
    "name": "128 C",
    "value": "#F3D54E"
  },
  {
    "name": "129 C",
    "value": "#F3D03E"
  },
  {
    "name": "130 C",
    "value": "#F2A900"
  },
  {
    "name": "131 C",
    "value": "#CC8A00"
  },
  {
    "name": "132 C",
    "value": "#A07400"
  },
  {
    "name": "133 C",
    "value": "#6C571B"
  },
  {
    "name": "1205 C",
    "value": "#F8E08E"
  },
  {
    "name": "1215 C",
    "value": "#FBD872"
  },
  {
    "name": "1225 C",
    "value": "#FFC845"
  },
  {
    "name": "1235 C",
    "value": "#FFB81C"
  },
  {
    "name": "1245 C",
    "value": "#C69214"
  },
  {
    "name": "1255 C",
    "value": "#AD841F"
  },
  {
    "name": "1265 C",
    "value": "#886B25"
  },
  {
    "name": "120 C",
    "value": "#FBDB65"
  },
  {
    "name": "121 C",
    "value": "#FDD757"
  },
  {
    "name": "122 C",
    "value": "#FED141"
  },
  {
    "name": "123 C",
    "value": "#FFC72C"
  },
  {
    "name": "124 C",
    "value": "#EAAA00"
  },
  {
    "name": "125 C",
    "value": "#B58500"
  },
  {
    "name": "126 C",
    "value": "#9A7611"
  },
  {
    "name": "7548 C",
    "value": "#FFC600"
  },
  {
    "name": "7549 C",
    "value": "#FFB500"
  },
  {
    "name": "7550 C",
    "value": "#D19000"
  },
  {
    "name": "7551 C",
    "value": "#B47E00"
  },
  {
    "name": "7552 C",
    "value": "#73531D"
  },
  {
    "name": "7553 C",
    "value": "#5A4522"
  },
  {
    "name": "7554 C",
    "value": "#4B3D2A"
  },
  {
    "name": "7555 C",
    "value": "#D29F13"
  },
  {
    "name": "7556 C",
    "value": "#B78B20"
  },
  {
    "name": "7557 C",
    "value": "#9F7D23"
  },
  {
    "name": "7558 C",
    "value": "#967126"
  },
  {
    "name": "7559 C",
    "value": "#8F6A2A"
  },
  {
    "name": "7560 C",
    "value": "#7D622E"
  },
  {
    "name": "7561 C",
    "value": "#6C5D34"
  },
  {
    "name": "134 C",
    "value": "#FDD26E"
  },
  {
    "name": "135 C",
    "value": "#FFC658"
  },
  {
    "name": "136 C",
    "value": "#FFBF3F"
  },
  {
    "name": "137 C",
    "value": "#FFA300"
  },
  {
    "name": "138 C",
    "value": "#DE7C00"
  },
  {
    "name": "139 C",
    "value": "#AF6D04"
  },
  {
    "name": "140 C",
    "value": "#74531C"
  },
  {
    "name": "1345 C",
    "value": "#FDD086"
  },
  {
    "name": "1355 C",
    "value": "#FFC56E"
  },
  {
    "name": "1365 C",
    "value": "#FFB549"
  },
  {
    "name": "1375 C",
    "value": "#FF9E1B"
  },
  {
    "name": "1385 C",
    "value": "#D57800"
  },
  {
    "name": "1395 C",
    "value": "#996017"
  },
  {
    "name": "1405 C",
    "value": "#6E4C1E"
  },
  {
    "name": "141 C",
    "value": "#F2C75C"
  },
  {
    "name": "142 C",
    "value": "#F1BE48"
  },
  {
    "name": "143 C",
    "value": "#F1B434"
  },
  {
    "name": "144 C",
    "value": "#ED8B00"
  },
  {
    "name": "145 C",
    "value": "#CF7F00"
  },
  {
    "name": "146 C",
    "value": "#A76D11"
  },
  {
    "name": "147 C",
    "value": "#715C2A"
  },
  {
    "name": "7408 C",
    "value": "#F6BE00"
  },
  {
    "name": "7409 C",
    "value": "#F0B323"
  },
  {
    "name": "7410 C",
    "value": "#FEAD77"
  },
  {
    "name": "7411 C",
    "value": "#E6A65D"
  },
  {
    "name": "7412 C",
    "value": "#D38235"
  },
  {
    "name": "7413 C",
    "value": "#DC8633"
  },
  {
    "name": "7414 C",
    "value": "#C16C18"
  },
  {
    "name": "7562 C",
    "value": "#BD9B60"
  },
  {
    "name": "7563 C",
    "value": "#D69A2D"
  },
  {
    "name": "7564 C",
    "value": "#DB8A06"
  },
  {
    "name": "7565 C",
    "value": "#CD7925"
  },
  {
    "name": "7566 C",
    "value": "#AD6433"
  },
  {
    "name": "7567 C",
    "value": "#89532F"
  },
  {
    "name": "7568 C",
    "value": "#775135"
  },
  {
    "name": "7569 C",
    "value": "#D78825"
  },
  {
    "name": "7570 C",
    "value": "#D3832B"
  },
  {
    "name": "7571 C",
    "value": "#C67D30"
  },
  {
    "name": "7572 C",
    "value": "#B67233"
  },
  {
    "name": "7573 C",
    "value": "#A7662B"
  },
  {
    "name": "7574 C",
    "value": "#9E6A38"
  },
  {
    "name": "7575 C",
    "value": "#835D32"
  },
  {
    "name": "712 C",
    "value": "#FCC89B"
  },
  {
    "name": "713 C",
    "value": "#FDBE87"
  },
  {
    "name": "714 C",
    "value": "#FDAA63"
  },
  {
    "name": "715 C",
    "value": "#F68D2E"
  },
  {
    "name": "716 C",
    "value": "#EA7600"
  },
  {
    "name": "717 C",
    "value": "#D45D00"
  },
  {
    "name": "718 C",
    "value": "#BE4D00"
  },
  {
    "name": "148 C",
    "value": "#FECB8B"
  },
  {
    "name": "149 C",
    "value": "#FFC27B"
  },
  {
    "name": "150 C",
    "value": "#FFB25B"
  },
  {
    "name": "151 C",
    "value": "#FF8200"
  },
  {
    "name": "152 C",
    "value": "#E57200"
  },
  {
    "name": "153 C",
    "value": "#BE6A14"
  },
  {
    "name": "154 C",
    "value": "#9B5A1A"
  },
  {
    "name": "155 C",
    "value": "#EFD19F"
  },
  {
    "name": "156 C",
    "value": "#EFBE7D"
  },
  {
    "name": "157 C",
    "value": "#ECA154"
  },
  {
    "name": "158 C",
    "value": "#E87722"
  },
  {
    "name": "159 C",
    "value": "#CB6015"
  },
  {
    "name": "160 C",
    "value": "#A1561C"
  },
  {
    "name": "161 C",
    "value": "#603D20"
  },
  {
    "name": "1485 C",
    "value": "#FFAE62"
  },
  {
    "name": "1495 C",
    "value": "#FF8F1C"
  },
  {
    "name": "1505 C",
    "value": "#FF6900"
  },
  {
    "name": "1525 C",
    "value": "#B94700"
  },
  {
    "name": "1535 C",
    "value": "#94450B"
  },
  {
    "name": "1545 C",
    "value": "#653819"
  },
  {
    "name": "1555 C",
    "value": "#FFB990"
  },
  {
    "name": "1565 C",
    "value": "#FFA06A"
  },
  {
    "name": "1575 C",
    "value": "#FF7F32"
  },
  {
    "name": "1585 C",
    "value": "#FF6A13"
  },
  {
    "name": "1595 C",
    "value": "#D86018"
  },
  {
    "name": "1605 C",
    "value": "#A65523"
  },
  {
    "name": "1615 C",
    "value": "#8B4720"
  },
  {
    "name": "162 C",
    "value": "#FFBE9F"
  },
  {
    "name": "163 C",
    "value": "#FF9D6E"
  },
  {
    "name": "164 C",
    "value": "#FF7F41"
  },
  {
    "name": "165 C",
    "value": "#FF671F"
  },
  {
    "name": "166 C",
    "value": "#E35205"
  },
  {
    "name": "167 C",
    "value": "#BE531C"
  },
  {
    "name": "168 C",
    "value": "#73381D"
  },
  {
    "name": "7576 C",
    "value": "#DB864E"
  },
  {
    "name": "7577 C",
    "value": "#E07E3C"
  },
  {
    "name": "7578 C",
    "value": "#DC6B2F"
  },
  {
    "name": "7579 C",
    "value": "#DC582A"
  },
  {
    "name": "7580 C",
    "value": "#C05131"
  },
  {
    "name": "7581 C",
    "value": "#864A33"
  },
  {
    "name": "7582 C",
    "value": "#674736"
  },
  {
    "name": "1625 C",
    "value": "#FFA38B"
  },
  {
    "name": "1635 C",
    "value": "#FF8D6D"
  },
  {
    "name": "1645 C",
    "value": "#FF6A39"
  },
  {
    "name": "1655 C",
    "value": "#FC4C02"
  },
  {
    "name": "1665 C",
    "value": "#DC4405"
  },
  {
    "name": "1675 C",
    "value": "#A9431E"
  },
  {
    "name": "1685 C",
    "value": "#833921"
  },
  {
    "name": "169 C",
    "value": "#FFB3AB"
  },
  {
    "name": "170 C",
    "value": "#FF8674"
  },
  {
    "name": "171 C",
    "value": "#FF5C39"
  },
  {
    "name": "172 C",
    "value": "#FA4616"
  },
  {
    "name": "173 C",
    "value": "#CF4520"
  },
  {
    "name": "174 C",
    "value": "#963821"
  },
  {
    "name": "175 C",
    "value": "#6B3529"
  },
  {
    "name": "7583 C",
    "value": "#C4622D"
  },
  {
    "name": "7584 C",
    "value": "#BA5826"
  },
  {
    "name": "7585 C",
    "value": "#AF5C37"
  },
  {
    "name": "7586 C",
    "value": "#9E5330"
  },
  {
    "name": "7587 C",
    "value": "#924C2E"
  },
  {
    "name": "7588 C",
    "value": "#7B4D35"
  },
  {
    "name": "7589 C",
    "value": "#5C4738"
  },
  {
    "name": "7590 C",
    "value": "#D4B59E"
  },
  {
    "name": "7591 C",
    "value": "#C07D59"
  },
  {
    "name": "7592 C",
    "value": "#B15533"
  },
  {
    "name": "7593 C",
    "value": "#9D432C"
  },
  {
    "name": "7594 C",
    "value": "#7C3A2D"
  },
  {
    "name": "7595 C",
    "value": "#6B3D2E"
  },
  {
    "name": "7596 C",
    "value": "#5C3D31"
  },
  {
    "name": "7597 C",
    "value": "#D14124"
  },
  {
    "name": "7598 C",
    "value": "#BD472A"
  },
  {
    "name": "7599 C",
    "value": "#B33D26"
  },
  {
    "name": "7600 C",
    "value": "#8D3F2B"
  },
  {
    "name": "7601 C",
    "value": "#83412C"
  },
  {
    "name": "7602 C",
    "value": "#7B4931"
  },
  {
    "name": "7603 C",
    "value": "#674230"
  },
  {
    "name": "7604 C",
    "value": "#E4D5D3"
  },
  {
    "name": "7605 C",
    "value": "#E1BBB4"
  },
  {
    "name": "7606 C",
    "value": "#D6938A"
  },
  {
    "name": "7607 C",
    "value": "#C26E60"
  },
  {
    "name": "7608 C",
    "value": "#A4493D"
  },
  {
    "name": "7609 C",
    "value": "#823B34"
  },
  {
    "name": "7610 C",
    "value": "#683431"
  },
  {
    "name": "7611 C",
    "value": "#DDBCB0"
  },
  {
    "name": "7612 C",
    "value": "#CA9A8E"
  },
  {
    "name": "7613 C",
    "value": "#BC8A7E"
  },
  {
    "name": "7614 C",
    "value": "#A37F74"
  },
  {
    "name": "7615 C",
    "value": "#866761"
  },
  {
    "name": "7616 C",
    "value": "#6B4C4C"
  },
  {
    "name": "7617 C",
    "value": "#583D3E"
  },
  {
    "name": "7520 C",
    "value": "#EABEB0"
  },
  {
    "name": "7521 C",
    "value": "#C09C83"
  },
  {
    "name": "7522 C",
    "value": "#B46A55"
  },
  {
    "name": "7523 C",
    "value": "#AB5C57"
  },
  {
    "name": "7524 C",
    "value": "#A45248"
  },
  {
    "name": "7525 C",
    "value": "#9A6A4F"
  },
  {
    "name": "7526 C",
    "value": "#8A391B"
  },
  {
    "name": "489 C",
    "value": "#ECC3B2"
  },
  {
    "name": "488 C",
    "value": "#ECBAA8"
  },
  {
    "name": "487 C",
    "value": "#EAA794"
  },
  {
    "name": "486 C",
    "value": "#E8927C"
  },
  {
    "name": "485 C",
    "value": "#DA291C"
  },
  {
    "name": "484 C",
    "value": "#9A3324"
  },
  {
    "name": "483 C",
    "value": "#653024"
  },
  {
    "name": "176 C",
    "value": "#FFB1BB"
  },
  {
    "name": "177 C",
    "value": "#FF808B"
  },
  {
    "name": "178 C",
    "value": "#FF585D"
  },
  {
    "name": "179 C",
    "value": "#E03C31"
  },
  {
    "name": "180 C",
    "value": "#BE3A34"
  },
  {
    "name": "181 C",
    "value": "#81312F"
  },
  {
    "name": "1765 C",
    "value": "#FFA3B5"
  },
  {
    "name": "1775 C",
    "value": "#FF8DA1"
  },
  {
    "name": "1785 C",
    "value": "#F8485E"
  },
  {
    "name": "1788 C",
    "value": "#EE2737"
  },
  {
    "name": "1795 C",
    "value": "#D22630"
  },
  {
    "name": "1805 C",
    "value": "#AF272F"
  },
  {
    "name": "1815 C",
    "value": "#7C2529"
  },
  {
    "name": "1767 C",
    "value": "#FCAFC0"
  },
  {
    "name": "1777 C",
    "value": "#FB637E"
  },
  {
    "name": "1787 C",
    "value": "#F4364C"
  },
  {
    "name": "1797 C",
    "value": "#CB333B"
  },
  {
    "name": "1807 C",
    "value": "#A4343A"
  },
  {
    "name": "1817 C",
    "value": "#643335"
  },
  {
    "name": "7618 C",
    "value": "#C66E4E"
  },
  {
    "name": "7619 C",
    "value": "#C04C36"
  },
  {
    "name": "7620 C",
    "value": "#B7312C"
  },
  {
    "name": "7621 C",
    "value": "#AB2328"
  },
  {
    "name": "7622 C",
    "value": "#93272C"
  },
  {
    "name": "7623 C",
    "value": "#8A2A2B"
  },
  {
    "name": "7624 C",
    "value": "#802F2D"
  },
  {
    "name": "7625 C",
    "value": "#E1523D"
  },
  {
    "name": "7626 C",
    "value": "#C63527"
  },
  {
    "name": "7627 C",
    "value": "#A72B2A"
  },
  {
    "name": "7628 C",
    "value": "#9E2A2B"
  },
  {
    "name": "7629 C",
    "value": "#6D3332"
  },
  {
    "name": "7630 C",
    "value": "#633231"
  },
  {
    "name": "7631 C",
    "value": "#572D2D"
  },
  {
    "name": "7415 C",
    "value": "#E6BAA8"
  },
  {
    "name": "7416 C",
    "value": "#E56A54"
  },
  {
    "name": "7417 C",
    "value": "#E04E39"
  },
  {
    "name": "7418 C",
    "value": "#CD545B"
  },
  {
    "name": "7419 C",
    "value": "#B04A5A"
  },
  {
    "name": "7420 C",
    "value": "#9B2242"
  },
  {
    "name": "7421 C",
    "value": "#651D32"
  },
  {
    "name": "182 C",
    "value": "#FABBCB"
  },
  {
    "name": "183 C",
    "value": "#FC9BB3"
  },
  {
    "name": "184 C",
    "value": "#F65275"
  },
  {
    "name": "185 C",
    "value": "#E4002B"
  },
  {
    "name": "186 C",
    "value": "#C8102E"
  },
  {
    "name": "187 C",
    "value": "#A6192E"
  },
  {
    "name": "188 C",
    "value": "#76232F"
  },
  {
    "name": "196 C",
    "value": "#ECC7CD"
  },
  {
    "name": "197 C",
    "value": "#E89CAE"
  },
  {
    "name": "198 C",
    "value": "#DF4661"
  },
  {
    "name": "199 C",
    "value": "#D50032"
  },
  {
    "name": "200 C",
    "value": "#BA0C2F"
  },
  {
    "name": "201 C",
    "value": "#9D2235"
  },
  {
    "name": "202 C",
    "value": "#862633"
  },
  {
    "name": "189 C",
    "value": "#F8A3BC"
  },
  {
    "name": "190 C",
    "value": "#F67599"
  },
  {
    "name": "191 C",
    "value": "#EF426F"
  },
  {
    "name": "192 C",
    "value": "#E40046"
  },
  {
    "name": "193 C",
    "value": "#BF0D3E"
  },
  {
    "name": "194 C",
    "value": "#9B2743"
  },
  {
    "name": "195 C",
    "value": "#782F40"
  },
  {
    "name": "1895 C",
    "value": "#F5B6CD"
  },
  {
    "name": "1905 C",
    "value": "#F59BBB"
  },
  {
    "name": "1915 C",
    "value": "#EF4A81"
  },
  {
    "name": "1925 C",
    "value": "#E0004D"
  },
  {
    "name": "1935 C",
    "value": "#C5003E"
  },
  {
    "name": "1945 C",
    "value": "#A6093D"
  },
  {
    "name": "1955 C",
    "value": "#8A1538"
  },
  {
    "name": "705 C",
    "value": "#F5DADF"
  },
  {
    "name": "706 C",
    "value": "#F7CED7"
  },
  {
    "name": "707 C",
    "value": "#F9B5C4"
  },
  {
    "name": "708 C",
    "value": "#F890A5"
  },
  {
    "name": "709 C",
    "value": "#EF6079"
  },
  {
    "name": "710 C",
    "value": "#E03E52"
  },
  {
    "name": "711 C",
    "value": "#CB2C30"
  },
  {
    "name": "698 C",
    "value": "#F2D4D7"
  },
  {
    "name": "699 C",
    "value": "#F4C3CC"
  },
  {
    "name": "700 C",
    "value": "#F2ACB9"
  },
  {
    "name": "701 C",
    "value": "#E68699"
  },
  {
    "name": "702 C",
    "value": "#D25B73"
  },
  {
    "name": "703 C",
    "value": "#B83A4B"
  },
  {
    "name": "704 C",
    "value": "#9E2A2F"
  },
  {
    "name": "203 C",
    "value": "#ECB3CB"
  },
  {
    "name": "204 C",
    "value": "#E782A9"
  },
  {
    "name": "205 C",
    "value": "#E0457B"
  },
  {
    "name": "206 C",
    "value": "#CE0037"
  },
  {
    "name": "207 C",
    "value": "#A50034"
  },
  {
    "name": "208 C",
    "value": "#861F41"
  },
  {
    "name": "209 C",
    "value": "#6F263D"
  },
  {
    "name": "210 C",
    "value": "#F99FC9"
  },
  {
    "name": "211 C",
    "value": "#F57EB6"
  },
  {
    "name": "212 C",
    "value": "#F04E98"
  },
  {
    "name": "213 C",
    "value": "#E31C79"
  },
  {
    "name": "214 C",
    "value": "#CE0F69"
  },
  {
    "name": "215 C",
    "value": "#AC145A"
  },
  {
    "name": "216 C",
    "value": "#7D2248"
  },
  {
    "name": "7422 C",
    "value": "#F4CDD4"
  },
  {
    "name": "7423 C",
    "value": "#E06287"
  },
  {
    "name": "7424 C",
    "value": "#E24585"
  },
  {
    "name": "7425 C",
    "value": "#B52555"
  },
  {
    "name": "7426 C",
    "value": "#A4123F"
  },
  {
    "name": "7427 C",
    "value": "#971B2F"
  },
  {
    "name": "7428 C",
    "value": "#6A2C3E"
  },
  {
    "name": "7632 C",
    "value": "#D6C9CA"
  },
  {
    "name": "7633 C",
    "value": "#C4A4A7"
  },
  {
    "name": "7634 C",
    "value": "#C16784"
  },
  {
    "name": "7635 C",
    "value": "#C63663"
  },
  {
    "name": "7636 C",
    "value": "#BC204B"
  },
  {
    "name": "7637 C",
    "value": "#912F46"
  },
  {
    "name": "7638 C",
    "value": "#7E2D40"
  },
  {
    "name": "217 C",
    "value": "#EABEDB"
  },
  {
    "name": "218 C",
    "value": "#E56DB1"
  },
  {
    "name": "219 C",
    "value": "#DA1884"
  },
  {
    "name": "220 C",
    "value": "#A50050"
  },
  {
    "name": "221 C",
    "value": "#910048"
  },
  {
    "name": "222 C",
    "value": "#6C1D45"
  },
  {
    "name": "7639 C",
    "value": "#936D73"
  },
  {
    "name": "7640 C",
    "value": "#934054"
  },
  {
    "name": "7641 C",
    "value": "#8E2C48"
  },
  {
    "name": "7642 C",
    "value": "#732E4A"
  },
  {
    "name": "7643 C",
    "value": "#672E45"
  },
  {
    "name": "7644 C",
    "value": "#582D40"
  },
  {
    "name": "7645 C",
    "value": "#502B3A"
  },
  {
    "name": "223 C",
    "value": "#EF95CF"
  },
  {
    "name": "224 C",
    "value": "#EB6FBD"
  },
  {
    "name": "225 C",
    "value": "#DF1995"
  },
  {
    "name": "226 C",
    "value": "#D0006F"
  },
  {
    "name": "227 C",
    "value": "#AA0061"
  },
  {
    "name": "228 C",
    "value": "#890C58"
  },
  {
    "name": "229 C",
    "value": "#672146"
  },
  {
    "name": "230 C",
    "value": "#F4A6D7"
  },
  {
    "name": "231 C",
    "value": "#F277C6"
  },
  {
    "name": "232 C",
    "value": "#E93CAC"
  },
  {
    "name": "233 C",
    "value": "#C6007E"
  },
  {
    "name": "234 C",
    "value": "#A20067"
  },
  {
    "name": "235 C",
    "value": "#840B55"
  },
  {
    "name": "670 C",
    "value": "#EAD3E2"
  },
  {
    "name": "671 C",
    "value": "#E6BCD8"
  },
  {
    "name": "672 C",
    "value": "#DFA0C9"
  },
  {
    "name": "673 C",
    "value": "#D986BA"
  },
  {
    "name": "674 C",
    "value": "#C6579A"
  },
  {
    "name": "675 C",
    "value": "#AE2573"
  },
  {
    "name": "676 C",
    "value": "#960051"
  },
  {
    "name": "677 C",
    "value": "#E5CEDB"
  },
  {
    "name": "678 C",
    "value": "#E3C8D8"
  },
  {
    "name": "679 C",
    "value": "#DEBED2"
  },
  {
    "name": "680 C",
    "value": "#C996B6"
  },
  {
    "name": "681 C",
    "value": "#B06C96"
  },
  {
    "name": "682 C",
    "value": "#994878"
  },
  {
    "name": "683 C",
    "value": "#7C2855"
  },
  {
    "name": "684 C",
    "value": "#E4C6D4"
  },
  {
    "name": "685 C",
    "value": "#DCB6C9"
  },
  {
    "name": "686 C",
    "value": "#D0A1BA"
  },
  {
    "name": "687 C",
    "value": "#BE84A3"
  },
  {
    "name": "688 C",
    "value": "#A76389"
  },
  {
    "name": "689 C",
    "value": "#893B67"
  },
  {
    "name": "690 C",
    "value": "#612141"
  },
  {
    "name": "510 C",
    "value": "#EBBECB"
  },
  {
    "name": "509 C",
    "value": "#E8B3C3"
  },
  {
    "name": "508 C",
    "value": "#E4A9BB"
  },
  {
    "name": "507 C",
    "value": "#D592AA"
  },
  {
    "name": "506 C",
    "value": "#84344E"
  },
  {
    "name": "505 C",
    "value": "#6F2C3F"
  },
  {
    "name": "504 C",
    "value": "#572932"
  },
  {
    "name": "7429 C",
    "value": "#E2BCCB"
  },
  {
    "name": "7430 C",
    "value": "#DCA9BF"
  },
  {
    "name": "7431 C",
    "value": "#C9809E"
  },
  {
    "name": "7432 C",
    "value": "#B55C80"
  },
  {
    "name": "7433 C",
    "value": "#A73A64"
  },
  {
    "name": "7434 C",
    "value": "#9B3259"
  },
  {
    "name": "7435 C",
    "value": "#872651"
  },
  {
    "name": "691 C",
    "value": "#E9CDD0"
  },
  {
    "name": "692 C",
    "value": "#E4BEC3"
  },
  {
    "name": "693 C",
    "value": "#D7A3AB"
  },
  {
    "name": "694 C",
    "value": "#C48490"
  },
  {
    "name": "695 C",
    "value": "#B46B7A"
  },
  {
    "name": "696 C",
    "value": "#984856"
  },
  {
    "name": "697 C",
    "value": "#893C47"
  },
  {
    "name": "496 C",
    "value": "#F2C6CF"
  },
  {
    "name": "495 C",
    "value": "#F1BDC8"
  },
  {
    "name": "494 C",
    "value": "#E9A2B2"
  },
  {
    "name": "493 C",
    "value": "#DC8699"
  },
  {
    "name": "492 C",
    "value": "#8F3237"
  },
  {
    "name": "491 C",
    "value": "#7F3035"
  },
  {
    "name": "490 C",
    "value": "#5D2A2C"
  },
  {
    "name": "503 C",
    "value": "#E9C4C7"
  },
  {
    "name": "502 C",
    "value": "#E5BAC1"
  },
  {
    "name": "501 C",
    "value": "#DAA5AD"
  },
  {
    "name": "500 C",
    "value": "#C6858F"
  },
  {
    "name": "499 C",
    "value": "#7A3E3A"
  },
  {
    "name": "498 C",
    "value": "#6A3735"
  },
  {
    "name": "497 C",
    "value": "#512F2E"
  },
  {
    "name": "5035 C",
    "value": "#DFC2C3"
  },
  {
    "name": "5025 C",
    "value": "#DBB7BB"
  },
  {
    "name": "5015 C",
    "value": "#CCA1A6"
  },
  {
    "name": "5005 C",
    "value": "#B07C83"
  },
  {
    "name": "4995 C",
    "value": "#9C6169"
  },
  {
    "name": "4985 C",
    "value": "#874B52"
  },
  {
    "name": "4975 C",
    "value": "#3F2021"
  },
  {
    "name": "236 C",
    "value": "#F1A7DC"
  },
  {
    "name": "237 C",
    "value": "#EC86D0"
  },
  {
    "name": "238 C",
    "value": "#E45DBF"
  },
  {
    "name": "239 C",
    "value": "#DB3EB1"
  },
  {
    "name": "240 C",
    "value": "#C5299B"
  },
  {
    "name": "241 C",
    "value": "#AF1685"
  },
  {
    "name": "242 C",
    "value": "#80225F"
  },
  {
    "name": "2365 C",
    "value": "#EFBAE1"
  },
  {
    "name": "2375 C",
    "value": "#E277CD"
  },
  {
    "name": "2385 C",
    "value": "#D539B5"
  },
  {
    "name": "2395 C",
    "value": "#C800A1"
  },
  {
    "name": "2405 C",
    "value": "#B0008E"
  },
  {
    "name": "2415 C",
    "value": "#9E007E"
  },
  {
    "name": "2425 C",
    "value": "#830065"
  },
  {
    "name": "243 C",
    "value": "#EAB8E4"
  },
  {
    "name": "244 C",
    "value": "#E59BDC"
  },
  {
    "name": "245 C",
    "value": "#DD7FD3"
  },
  {
    "name": "246 C",
    "value": "#C724B1"
  },
  {
    "name": "247 C",
    "value": "#BB16A3"
  },
  {
    "name": "248 C",
    "value": "#A51890"
  },
  {
    "name": "249 C",
    "value": "#80276C"
  },
  {
    "name": "7646 C",
    "value": "#A56E87"
  },
  {
    "name": "7647 C",
    "value": "#A83D72"
  },
  {
    "name": "7648 C",
    "value": "#991E66"
  },
  {
    "name": "7649 C",
    "value": "#8A1B61"
  },
  {
    "name": "7650 C",
    "value": "#722257"
  },
  {
    "name": "7651 C",
    "value": "#6A2A5B"
  },
  {
    "name": "7652 C",
    "value": "#5E2751"
  },
  {
    "name": "250 C",
    "value": "#E7BAE4"
  },
  {
    "name": "251 C",
    "value": "#DD9CDF"
  },
  {
    "name": "252 C",
    "value": "#C964CF"
  },
  {
    "name": "253 C",
    "value": "#AD1AAC"
  },
  {
    "name": "254 C",
    "value": "#981D97"
  },
  {
    "name": "255 C",
    "value": "#72246C"
  },
  {
    "name": "517 C",
    "value": "#EBC6DF"
  },
  {
    "name": "516 C",
    "value": "#E6BEDD"
  },
  {
    "name": "515 C",
    "value": "#E2ACD7"
  },
  {
    "name": "514 C",
    "value": "#D48BC8"
  },
  {
    "name": "513 C",
    "value": "#93328E"
  },
  {
    "name": "512 C",
    "value": "#833177"
  },
  {
    "name": "511 C",
    "value": "#612C51"
  },
  {
    "name": "7436 C",
    "value": "#EEDAEA"
  },
  {
    "name": "7437 C",
    "value": "#CCAED0"
  },
  {
    "name": "7438 C",
    "value": "#D59ED7"
  },
  {
    "name": "7439 C",
    "value": "#B288B9"
  },
  {
    "name": "7440 C",
    "value": "#A277A6"
  },
  {
    "name": "7441 C",
    "value": "#9F5CC0"
  },
  {
    "name": "7442 C",
    "value": "#963CBD"
  },
  {
    "name": "2562 C",
    "value": "#D7A9E3"
  },
  {
    "name": "2572 C",
    "value": "#C98BDB"
  },
  {
    "name": "2582 C",
    "value": "#AC4FC6"
  },
  {
    "name": "2592 C",
    "value": "#9B26B6"
  },
  {
    "name": "2602 C",
    "value": "#87189D"
  },
  {
    "name": "2612 C",
    "value": "#772583"
  },
  {
    "name": "2622 C",
    "value": "#653165"
  },
  {
    "name": "7653 C",
    "value": "#948794"
  },
  {
    "name": "7654 C",
    "value": "#A2789C"
  },
  {
    "name": "7655 C",
    "value": "#A15A95"
  },
  {
    "name": "7656 C",
    "value": "#8E3A80"
  },
  {
    "name": "7657 C",
    "value": "#6E2B62"
  },
  {
    "name": "7658 C",
    "value": "#6A3460"
  },
  {
    "name": "7659 C",
    "value": "#5D3754"
  },
  {
    "name": "524 C",
    "value": "#D5C2D8"
  },
  {
    "name": "523 C",
    "value": "#C9B1D0"
  },
  {
    "name": "522 C",
    "value": "#BA9CC5"
  },
  {
    "name": "521 C",
    "value": "#A57FB2"
  },
  {
    "name": "520 C",
    "value": "#642F6C"
  },
  {
    "name": "519 C",
    "value": "#59315F"
  },
  {
    "name": "518 C",
    "value": "#4B3048"
  },
  {
    "name": "5245 C",
    "value": "#DBCDD3"
  },
  {
    "name": "5235 C",
    "value": "#D0BEC7"
  },
  {
    "name": "5225 C",
    "value": "#C6B0BC"
  },
  {
    "name": "5215 C",
    "value": "#AF95A6"
  },
  {
    "name": "5205 C",
    "value": "#86647A"
  },
  {
    "name": "5195 C",
    "value": "#66435A"
  },
  {
    "name": "5185 C",
    "value": "#4A3041"
  },
  {
    "name": "5175 C",
    "value": "#D8C8D1"
  },
  {
    "name": "5165 C",
    "value": "#D3C0CD"
  },
  {
    "name": "5155 C",
    "value": "#BFA5B8"
  },
  {
    "name": "5145 C",
    "value": "#9B7793"
  },
  {
    "name": "5135 C",
    "value": "#7E5475"
  },
  {
    "name": "5125 C",
    "value": "#693C5E"
  },
  {
    "name": "5115 C",
    "value": "#512A44"
  },
  {
    "name": "531 C",
    "value": "#DFC8E7"
  },
  {
    "name": "530 C",
    "value": "#D7B9E4"
  },
  {
    "name": "529 C",
    "value": "#CAA2DD"
  },
  {
    "name": "528 C",
    "value": "#B580D1"
  },
  {
    "name": "527 C",
    "value": "#8031A7"
  },
  {
    "name": "526 C",
    "value": "#702F8A"
  },
  {
    "name": "525 C",
    "value": "#572C5F"
  },
  {
    "name": "256 C",
    "value": "#D6BFDD"
  },
  {
    "name": "257 C",
    "value": "#C6A1CF"
  },
  {
    "name": "258 C",
    "value": "#8C4799"
  },
  {
    "name": "259 C",
    "value": "#6D2077"
  },
  {
    "name": "260 C",
    "value": "#642667"
  },
  {
    "name": "261 C",
    "value": "#5D285F"
  },
  {
    "name": "262 C",
    "value": "#51284F"
  },
  {
    "name": "2563 C",
    "value": "#CBA3D8"
  },
  {
    "name": "2573 C",
    "value": "#B884CB"
  },
  {
    "name": "2583 C",
    "value": "#A05EB5"
  },
  {
    "name": "2593 C",
    "value": "#84329B"
  },
  {
    "name": "2603 C",
    "value": "#702082"
  },
  {
    "name": "2613 C",
    "value": "#671E75"
  },
  {
    "name": "2623 C",
    "value": "#5F2167"
  },
  {
    "name": "7660 C",
    "value": "#9991A4"
  },
  {
    "name": "7661 C",
    "value": "#8D6E97"
  },
  {
    "name": "7662 C",
    "value": "#7A4183"
  },
  {
    "name": "7663 C",
    "value": "#6B3077"
  },
  {
    "name": "7664 C",
    "value": "#653279"
  },
  {
    "name": "7665 C",
    "value": "#5E366E"
  },
  {
    "name": "7666 C",
    "value": "#5C4E63"
  },
  {
    "name": "2567 C",
    "value": "#C1A0DA"
  },
  {
    "name": "2577 C",
    "value": "#A77BCA"
  },
  {
    "name": "2587 C",
    "value": "#8246AF"
  },
  {
    "name": "2597 C",
    "value": "#5C068C"
  },
  {
    "name": "2607 C",
    "value": "#500778"
  },
  {
    "name": "2617 C",
    "value": "#470A68"
  },
  {
    "name": "2627 C",
    "value": "#3C1053"
  },
  {
    "name": "263 C",
    "value": "#D7C6E6"
  },
  {
    "name": "264 C",
    "value": "#C1A7E2"
  },
  {
    "name": "265 C",
    "value": "#9063CD"
  },
  {
    "name": "266 C",
    "value": "#753BBD"
  },
  {
    "name": "267 C",
    "value": "#5F259F"
  },
  {
    "name": "268 C",
    "value": "#582C83"
  },
  {
    "name": "269 C",
    "value": "#512D6D"
  },
  {
    "name": "2635 C",
    "value": "#C5B4E3"
  },
  {
    "name": "2645 C",
    "value": "#AD96DC"
  },
  {
    "name": "2655 C",
    "value": "#9678D3"
  },
  {
    "name": "2665 C",
    "value": "#7D55C7"
  },
  {
    "name": "2685 C",
    "value": "#330072"
  },
  {
    "name": "2695 C",
    "value": "#2E1A47"
  },
  {
    "name": "270 C",
    "value": "#B4B5DF"
  },
  {
    "name": "271 C",
    "value": "#9595D2"
  },
  {
    "name": "272 C",
    "value": "#7474C1"
  },
  {
    "name": "273 C",
    "value": "#24135F"
  },
  {
    "name": "274 C",
    "value": "#211551"
  },
  {
    "name": "275 C",
    "value": "#201747"
  },
  {
    "name": "276 C",
    "value": "#221C35"
  },
  {
    "name": "2705 C",
    "value": "#A7A4E0"
  },
  {
    "name": "2715 C",
    "value": "#8B84D7"
  },
  {
    "name": "2725 C",
    "value": "#685BC7"
  },
  {
    "name": "2735 C",
    "value": "#2E008B"
  },
  {
    "name": "2745 C",
    "value": "#280071"
  },
  {
    "name": "2755 C",
    "value": "#250E62"
  },
  {
    "name": "2765 C",
    "value": "#201547"
  },
  {
    "name": "7667 C",
    "value": "#6E7CA0"
  },
  {
    "name": "7668 C",
    "value": "#686E9F"
  },
  {
    "name": "7669 C",
    "value": "#615E9B"
  },
  {
    "name": "7670 C",
    "value": "#565294"
  },
  {
    "name": "7671 C",
    "value": "#514689"
  },
  {
    "name": "7672 C",
    "value": "#4C4184"
  },
  {
    "name": "7673 C",
    "value": "#535486"
  },
  {
    "name": "7443 C",
    "value": "#DDDAE8"
  },
  {
    "name": "7444 C",
    "value": "#B6B8DC"
  },
  {
    "name": "7445 C",
    "value": "#A7A2C3"
  },
  {
    "name": "7446 C",
    "value": "#8986CA"
  },
  {
    "name": "7447 C",
    "value": "#5D4777"
  },
  {
    "name": "7448 C",
    "value": "#4B384C"
  },
  {
    "name": "7449 C",
    "value": "#41273B"
  },
  {
    "name": "7674 C",
    "value": "#878CB4"
  },
  {
    "name": "7675 C",
    "value": "#7C7FAB"
  },
  {
    "name": "7676 C",
    "value": "#7566A0"
  },
  {
    "name": "7677 C",
    "value": "#6F5091"
  },
  {
    "name": "7678 C",
    "value": "#68478D"
  },
  {
    "name": "7679 C",
    "value": "#563D82"
  },
  {
    "name": "7680 C",
    "value": "#523178"
  },
  {
    "name": "663 C",
    "value": "#E5E1E6"
  },
  {
    "name": "664 C",
    "value": "#E0DBE3"
  },
  {
    "name": "665 C",
    "value": "#C6BCD0"
  },
  {
    "name": "666 C",
    "value": "#A192B2"
  },
  {
    "name": "667 C",
    "value": "#7C6992"
  },
  {
    "name": "668 C",
    "value": "#614B79"
  },
  {
    "name": "669 C",
    "value": "#3F2A56"
  },
  {
    "name": "5315 C",
    "value": "#D8D7DF"
  },
  {
    "name": "5305 C",
    "value": "#C6C4D2"
  },
  {
    "name": "5295 C",
    "value": "#B3B0C4"
  },
  {
    "name": "5285 C",
    "value": "#8D89A5"
  },
  {
    "name": "5275 C",
    "value": "#595478"
  },
  {
    "name": "5265 C",
    "value": "#403A60"
  },
  {
    "name": "5255 C",
    "value": "#1E1A34"
  },
  {
    "name": "538 C",
    "value": "#C5CFDA"
  },
  {
    "name": "537 C",
    "value": "#BBC7D6"
  },
  {
    "name": "536 C",
    "value": "#A2B2C8"
  },
  {
    "name": "535 C",
    "value": "#8E9FBC"
  },
  {
    "name": "534 C",
    "value": "#1B365D"
  },
  {
    "name": "533 C",
    "value": "#1F2A44"
  },
  {
    "name": "532 C",
    "value": "#1C1F2A"
  },
  {
    "name": "7541 C",
    "value": "#D9E1E2"
  },
  {
    "name": "7542 C",
    "value": "#A4BCC2"
  },
  {
    "name": "7543 C",
    "value": "#98A4AE"
  },
  {
    "name": "7544 C",
    "value": "#768692"
  },
  {
    "name": "7545 C",
    "value": "#425563"
  },
  {
    "name": "7546 C",
    "value": "#253746"
  },
  {
    "name": "7547 C",
    "value": "#131E29"
  },
  {
    "name": "552 C",
    "value": "#B9D3DC"
  },
  {
    "name": "551 C",
    "value": "#A3C7D2"
  },
  {
    "name": "550 C",
    "value": "#8DB9CA"
  },
  {
    "name": "549 C",
    "value": "#6BA4B8"
  },
  {
    "name": "548 C",
    "value": "#003D4C"
  },
  {
    "name": "547 C",
    "value": "#00313C"
  },
  {
    "name": "546 C",
    "value": "#072B31"
  },
  {
    "name": "5455 C",
    "value": "#BFCED6"
  },
  {
    "name": "5445 C",
    "value": "#B7C9D3"
  },
  {
    "name": "5435 C",
    "value": "#A6BBC8"
  },
  {
    "name": "5425 C",
    "value": "#7A99AC"
  },
  {
    "name": "5415 C",
    "value": "#5B7F95"
  },
  {
    "name": "5405 C",
    "value": "#4F758B"
  },
  {
    "name": "5395 C",
    "value": "#081F2C"
  },
  {
    "name": "642 C",
    "value": "#D1DDE6"
  },
  {
    "name": "643 C",
    "value": "#C6D6E3"
  },
  {
    "name": "644 C",
    "value": "#9BB8D3"
  },
  {
    "name": "645 C",
    "value": "#7DA1C4"
  },
  {
    "name": "646 C",
    "value": "#5E8AB4"
  },
  {
    "name": "647 C",
    "value": "#236192"
  },
  {
    "name": "648 C",
    "value": "#002E5D"
  },
  {
    "name": "649 C",
    "value": "#DBE2E9"
  },
  {
    "name": "650 C",
    "value": "#CED9E5"
  },
  {
    "name": "651 C",
    "value": "#A7BCD6"
  },
  {
    "name": "652 C",
    "value": "#7D9BC1"
  },
  {
    "name": "653 C",
    "value": "#326295"
  },
  {
    "name": "654 C",
    "value": "#003A70"
  },
  {
    "name": "655 C",
    "value": "#002554"
  },
  {
    "name": "656 C",
    "value": "#DDE5ED"
  },
  {
    "name": "657 C",
    "value": "#C8D8EB"
  },
  {
    "name": "658 C",
    "value": "#B1C9E8"
  },
  {
    "name": "659 C",
    "value": "#7BA4DB"
  },
  {
    "name": "660 C",
    "value": "#407EC9"
  },
  {
    "name": "661 C",
    "value": "#003594"
  },
  {
    "name": "662 C",
    "value": "#001A70"
  },
  {
    "name": "7450 C",
    "value": "#BDC5DB"
  },
  {
    "name": "7451 C",
    "value": "#89ABE3"
  },
  {
    "name": "7452 C",
    "value": "#8094DD"
  },
  {
    "name": "7453 C",
    "value": "#7BA6DE"
  },
  {
    "name": "7454 C",
    "value": "#5F8FB4"
  },
  {
    "name": "7455 C",
    "value": "#3A5DAE"
  },
  {
    "name": "7456 C",
    "value": "#606EB2"
  },
  {
    "name": "2706 C",
    "value": "#CBD3EB"
  },
  {
    "name": "2716 C",
    "value": "#9FAEE5"
  },
  {
    "name": "2726 C",
    "value": "#485CC7"
  },
  {
    "name": "2736 C",
    "value": "#1E22AA"
  },
  {
    "name": "2746 C",
    "value": "#171C8F"
  },
  {
    "name": "2756 C",
    "value": "#151F6D"
  },
  {
    "name": "2766 C",
    "value": "#141B4D"
  },
  {
    "name": "2708 C",
    "value": "#B8CCEA"
  },
  {
    "name": "2718 C",
    "value": "#5C88DA"
  },
  {
    "name": "2728 C",
    "value": "#0047BB"
  },
  {
    "name": "2738 C",
    "value": "#06038D"
  },
  {
    "name": "2748 C",
    "value": "#001871"
  },
  {
    "name": "2758 C",
    "value": "#001E62"
  },
  {
    "name": "2768 C",
    "value": "#071D49"
  },
  {
    "name": "2707 C",
    "value": "#C3D7EE"
  },
  {
    "name": "2717 C",
    "value": "#A7C6ED"
  },
  {
    "name": "2727 C",
    "value": "#307FE2"
  },
  {
    "name": "2747 C",
    "value": "#001A72"
  },
  {
    "name": "2757 C",
    "value": "#001E60"
  },
  {
    "name": "2767 C",
    "value": "#13294B"
  },
  {
    "name": "277 C",
    "value": "#ABCAE9"
  },
  {
    "name": "278 C",
    "value": "#8BB8E8"
  },
  {
    "name": "279 C",
    "value": "#418FDE"
  },
  {
    "name": "280 C",
    "value": "#012169"
  },
  {
    "name": "281 C",
    "value": "#00205B"
  },
  {
    "name": "282 C",
    "value": "#041E42"
  },
  {
    "name": "283 C",
    "value": "#92C1E9"
  },
  {
    "name": "284 C",
    "value": "#6CACE4"
  },
  {
    "name": "285 C",
    "value": "#0072CE"
  },
  {
    "name": "286 C",
    "value": "#0033A0"
  },
  {
    "name": "287 C",
    "value": "#003087"
  },
  {
    "name": "288 C",
    "value": "#002D72"
  },
  {
    "name": "289 C",
    "value": "#0C2340"
  },
  {
    "name": "7681 C",
    "value": "#94A9CB"
  },
  {
    "name": "7682 C",
    "value": "#6787B7"
  },
  {
    "name": "7683 C",
    "value": "#426DA9"
  },
  {
    "name": "7684 C",
    "value": "#385E9D"
  },
  {
    "name": "7685 C",
    "value": "#2C5697"
  },
  {
    "name": "7686 C",
    "value": "#1D4F91"
  },
  {
    "name": "7687 C",
    "value": "#1D428A"
  },
  {
    "name": "545 C",
    "value": "#C6DAE7"
  },
  {
    "name": "544 C",
    "value": "#BDD6E6"
  },
  {
    "name": "543 C",
    "value": "#A4C8E1"
  },
  {
    "name": "542 C",
    "value": "#7BAFD4"
  },
  {
    "name": "541 C",
    "value": "#003C71"
  },
  {
    "name": "540 C",
    "value": "#003057"
  },
  {
    "name": "539 C",
    "value": "#00263A"
  },
  {
    "name": "290 C",
    "value": "#B9D9EB"
  },
  {
    "name": "291 C",
    "value": "#9BCBEB"
  },
  {
    "name": "292 C",
    "value": "#69B3E7"
  },
  {
    "name": "293 C",
    "value": "#003DA5"
  },
  {
    "name": "294 C",
    "value": "#002F6C"
  },
  {
    "name": "295 C",
    "value": "#002855"
  },
  {
    "name": "296 C",
    "value": "#041C2C"
  },
  {
    "name": "2905 C",
    "value": "#8DC8E8"
  },
  {
    "name": "2915 C",
    "value": "#62B5E5"
  },
  {
    "name": "2925 C",
    "value": "#009CDE"
  },
  {
    "name": "2935 C",
    "value": "#0057B8"
  },
  {
    "name": "2945 C",
    "value": "#004C97"
  },
  {
    "name": "2955 C",
    "value": "#003865"
  },
  {
    "name": "2965 C",
    "value": "#00263E"
  },
  {
    "name": "297 C",
    "value": "#71C5E8"
  },
  {
    "name": "298 C",
    "value": "#41B6E6"
  },
  {
    "name": "299 C",
    "value": "#00A3E0"
  },
  {
    "name": "300 C",
    "value": "#005EB8"
  },
  {
    "name": "301 C",
    "value": "#004B87"
  },
  {
    "name": "302 C",
    "value": "#003B5C"
  },
  {
    "name": "303 C",
    "value": "#002A3A"
  },
  {
    "name": "7688 C",
    "value": "#4698CB"
  },
  {
    "name": "7689 C",
    "value": "#298FC2"
  },
  {
    "name": "7690 C",
    "value": "#0076A8"
  },
  {
    "name": "7691 C",
    "value": "#006298"
  },
  {
    "name": "7692 C",
    "value": "#005587"
  },
  {
    "name": "7693 C",
    "value": "#004976"
  },
  {
    "name": "7694 C",
    "value": "#01426A"
  },
  {
    "name": "2975 C",
    "value": "#99D6EA"
  },
  {
    "name": "2985 C",
    "value": "#5BC2E7"
  },
  {
    "name": "2995 C",
    "value": "#00A9E0"
  },
  {
    "name": "3005 C",
    "value": "#0077C8"
  },
  {
    "name": "3015 C",
    "value": "#00629B"
  },
  {
    "name": "3025 C",
    "value": "#004F71"
  },
  {
    "name": "3035 C",
    "value": "#003E51"
  },
  {
    "name": "7695 C",
    "value": "#7BA7BC"
  },
  {
    "name": "7696 C",
    "value": "#6399AE"
  },
  {
    "name": "7697 C",
    "value": "#4E87A0"
  },
  {
    "name": "7698 C",
    "value": "#41748D"
  },
  {
    "name": "7699 C",
    "value": "#34657F"
  },
  {
    "name": "7700 C",
    "value": "#165C7D"
  },
  {
    "name": "7701 C",
    "value": "#005776"
  },
  {
    "name": "7457 C",
    "value": "#BBDDE6"
  },
  {
    "name": "7458 C",
    "value": "#71B2C9"
  },
  {
    "name": "7459 C",
    "value": "#4298B5"
  },
  {
    "name": "7460 C",
    "value": "#0086BF"
  },
  {
    "name": "7461 C",
    "value": "#007DBA"
  },
  {
    "name": "7462 C",
    "value": "#00558C"
  },
  {
    "name": "7463 C",
    "value": "#002B49"
  },
  {
    "name": "304 C",
    "value": "#9ADBE8"
  },
  {
    "name": "305 C",
    "value": "#59CBE8"
  },
  {
    "name": "306 C",
    "value": "#00B5E2"
  },
  {
    "name": "307 C",
    "value": "#006BA6"
  },
  {
    "name": "308 C",
    "value": "#00587C"
  },
  {
    "name": "309 C",
    "value": "#003B49"
  },
  {
    "name": "635 C",
    "value": "#A4DBE8"
  },
  {
    "name": "636 C",
    "value": "#8BD3E6"
  },
  {
    "name": "637 C",
    "value": "#4EC3E0"
  },
  {
    "name": "638 C",
    "value": "#00AFD7"
  },
  {
    "name": "639 C",
    "value": "#0095C8"
  },
  {
    "name": "640 C",
    "value": "#0082BA"
  },
  {
    "name": "641 C",
    "value": "#0067A0"
  },
  {
    "name": "7702 C",
    "value": "#48A9C5"
  },
  {
    "name": "7703 C",
    "value": "#009CBD"
  },
  {
    "name": "7704 C",
    "value": "#0085AD"
  },
  {
    "name": "7705 C",
    "value": "#007096"
  },
  {
    "name": "7706 C",
    "value": "#006A8E"
  },
  {
    "name": "7707 C",
    "value": "#00617F"
  },
  {
    "name": "7708 C",
    "value": "#005670"
  },
  {
    "name": "628 C",
    "value": "#B8DDE1"
  },
  {
    "name": "629 C",
    "value": "#9BD3DD"
  },
  {
    "name": "630 C",
    "value": "#77C5D5"
  },
  {
    "name": "631 C",
    "value": "#3EB1C8"
  },
  {
    "name": "632 C",
    "value": "#0093B2"
  },
  {
    "name": "633 C",
    "value": "#007396"
  },
  {
    "name": "634 C",
    "value": "#005F83"
  },
  {
    "name": "310 C",
    "value": "#6AD1E3"
  },
  {
    "name": "311 C",
    "value": "#05C3DE"
  },
  {
    "name": "312 C",
    "value": "#00A9CE"
  },
  {
    "name": "313 C",
    "value": "#0092BC"
  },
  {
    "name": "314 C",
    "value": "#007FA3"
  },
  {
    "name": "315 C",
    "value": "#00677F"
  },
  {
    "name": "316 C",
    "value": "#004851"
  },
  {
    "name": "3105 C",
    "value": "#68D2DF"
  },
  {
    "name": "3115 C",
    "value": "#00C1D5"
  },
  {
    "name": "3125 C",
    "value": "#00AEC7"
  },
  {
    "name": "3135 C",
    "value": "#008EAA"
  },
  {
    "name": "3145 C",
    "value": "#00778B"
  },
  {
    "name": "3155 C",
    "value": "#006272"
  },
  {
    "name": "3165 C",
    "value": "#004F59"
  },
  {
    "name": "7709 C",
    "value": "#63B1BC"
  },
  {
    "name": "7710 C",
    "value": "#00A7B5"
  },
  {
    "name": "7711 C",
    "value": "#0097A9"
  },
  {
    "name": "7712 C",
    "value": "#00859B"
  },
  {
    "name": "7713 C",
    "value": "#007D8A"
  },
  {
    "name": "7714 C",
    "value": "#007680"
  },
  {
    "name": "7715 C",
    "value": "#006269"
  },
  {
    "name": "317 C",
    "value": "#B1E4E3"
  },
  {
    "name": "318 C",
    "value": "#88DBDF"
  },
  {
    "name": "319 C",
    "value": "#2DCCD3"
  },
  {
    "name": "320 C",
    "value": "#009CA6"
  },
  {
    "name": "321 C",
    "value": "#008C95"
  },
  {
    "name": "322 C",
    "value": "#007377"
  },
  {
    "name": "323 C",
    "value": "#005F61"
  },
  {
    "name": "7464 C",
    "value": "#A0D1CA"
  },
  {
    "name": "7465 C",
    "value": "#40C1AC"
  },
  {
    "name": "7466 C",
    "value": "#00B0B9"
  },
  {
    "name": "7467 C",
    "value": "#00A3AD"
  },
  {
    "name": "7468 C",
    "value": "#007398"
  },
  {
    "name": "7469 C",
    "value": "#005F86"
  },
  {
    "name": "7470 C",
    "value": "#005A70"
  },
  {
    "name": "7471 C",
    "value": "#7EDDD3"
  },
  {
    "name": "7472 C",
    "value": "#5CB8B2"
  },
  {
    "name": "7473 C",
    "value": "#279989"
  },
  {
    "name": "7474 C",
    "value": "#007681"
  },
  {
    "name": "7475 C",
    "value": "#487A7B"
  },
  {
    "name": "7476 C",
    "value": "#0D5257"
  },
  {
    "name": "7477 C",
    "value": "#244C5A"
  },
  {
    "name": "5523 C",
    "value": "#B6CFD0"
  },
  {
    "name": "5513 C",
    "value": "#ABC7CA"
  },
  {
    "name": "5503 C",
    "value": "#94B7BB"
  },
  {
    "name": "5493 C",
    "value": "#7FA9AE"
  },
  {
    "name": "5483 C",
    "value": "#4F868E"
  },
  {
    "name": "5473 C",
    "value": "#115E67"
  },
  {
    "name": "5463 C",
    "value": "#07272D"
  },
  {
    "name": "7716 C",
    "value": "#00968F"
  },
  {
    "name": "7717 C",
    "value": "#00857D"
  },
  {
    "name": "7718 C",
    "value": "#007672"
  },
  {
    "name": "7719 C",
    "value": "#006D68"
  },
  {
    "name": "7720 C",
    "value": "#00635B"
  },
  {
    "name": "7721 C",
    "value": "#005E5D"
  },
  {
    "name": "7722 C",
    "value": "#005151"
  },
  {
    "name": "324 C",
    "value": "#9CDBD9"
  },
  {
    "name": "325 C",
    "value": "#64CCC9"
  },
  {
    "name": "326 C",
    "value": "#00B2A9"
  },
  {
    "name": "327 C",
    "value": "#008675"
  },
  {
    "name": "328 C",
    "value": "#007367"
  },
  {
    "name": "329 C",
    "value": "#00685E"
  },
  {
    "name": "330 C",
    "value": "#00534C"
  },
  {
    "name": "3242 C",
    "value": "#71DBD4"
  },
  {
    "name": "3252 C",
    "value": "#2AD2C9"
  },
  {
    "name": "3262 C",
    "value": "#00BFB3"
  },
  {
    "name": "3272 C",
    "value": "#00A499"
  },
  {
    "name": "3282 C",
    "value": "#008578"
  },
  {
    "name": "3292 C",
    "value": "#00594F"
  },
  {
    "name": "3302 C",
    "value": "#004C45"
  },
  {
    "name": "3245 C",
    "value": "#7CE0D3"
  },
  {
    "name": "3255 C",
    "value": "#2CD5C4"
  },
  {
    "name": "3265 C",
    "value": "#00C7B1"
  },
  {
    "name": "3275 C",
    "value": "#00B398"
  },
  {
    "name": "3285 C",
    "value": "#009681"
  },
  {
    "name": "3295 C",
    "value": "#007864"
  },
  {
    "name": "3305 C",
    "value": "#004E42"
  },
  {
    "name": "3248 C",
    "value": "#6DCDB8"
  },
  {
    "name": "3258 C",
    "value": "#49C5B1"
  },
  {
    "name": "3268 C",
    "value": "#00AB8E"
  },
  {
    "name": "3278 C",
    "value": "#009B77"
  },
  {
    "name": "3288 C",
    "value": "#008264"
  },
  {
    "name": "3298 C",
    "value": "#006A52"
  },
  {
    "name": "3308 C",
    "value": "#034638"
  },
  {
    "name": "566 C",
    "value": "#B9DCD2"
  },
  {
    "name": "565 C",
    "value": "#A1D6CA"
  },
  {
    "name": "564 C",
    "value": "#86C8BC"
  },
  {
    "name": "563 C",
    "value": "#6BBBAE"
  },
  {
    "name": "562 C",
    "value": "#006F62"
  },
  {
    "name": "561 C",
    "value": "#00594C"
  },
  {
    "name": "560 C",
    "value": "#1D3C34"
  },
  {
    "name": "573 C",
    "value": "#B5E3D8"
  },
  {
    "name": "572 C",
    "value": "#A5DFD3"
  },
  {
    "name": "571 C",
    "value": "#98DBCE"
  },
  {
    "name": "570 C",
    "value": "#6BCABA"
  },
  {
    "name": "569 C",
    "value": "#00816D"
  },
  {
    "name": "568 C",
    "value": "#006C5B"
  },
  {
    "name": "567 C",
    "value": "#173F35"
  },
  {
    "name": "559 C",
    "value": "#ADCAB8"
  },
  {
    "name": "558 C",
    "value": "#9ABEAA"
  },
  {
    "name": "557 C",
    "value": "#85B09A"
  },
  {
    "name": "556 C",
    "value": "#6FA287"
  },
  {
    "name": "555 C",
    "value": "#28724F"
  },
  {
    "name": "554 C",
    "value": "#205C40"
  },
  {
    "name": "553 C",
    "value": "#284734"
  },
  {
    "name": "5595 C",
    "value": "#BFCEC2"
  },
  {
    "name": "5585 C",
    "value": "#A7BDB1"
  },
  {
    "name": "5575 C",
    "value": "#92ACA0"
  },
  {
    "name": "5565 C",
    "value": "#7F9C90"
  },
  {
    "name": "5555 C",
    "value": "#5C7F71"
  },
  {
    "name": "5545 C",
    "value": "#43695B"
  },
  {
    "name": "5535 C",
    "value": "#183028"
  },
  {
    "name": "5665 C",
    "value": "#BAC5B9"
  },
  {
    "name": "5655 C",
    "value": "#B0BDB0"
  },
  {
    "name": "5645 C",
    "value": "#A3B2A4"
  },
  {
    "name": "5635 C",
    "value": "#94A596"
  },
  {
    "name": "5625 C",
    "value": "#708573"
  },
  {
    "name": "5615 C",
    "value": "#5E7461"
  },
  {
    "name": "5605 C",
    "value": "#22372B"
  },
  {
    "name": "5527 C",
    "value": "#BCC9C5"
  },
  {
    "name": "5517 C",
    "value": "#B1C0BC"
  },
  {
    "name": "5507 C",
    "value": "#9DB0AC"
  },
  {
    "name": "5497 C",
    "value": "#829995"
  },
  {
    "name": "5487 C",
    "value": "#5D7975"
  },
  {
    "name": "5477 C",
    "value": "#3E5D58"
  },
  {
    "name": "5467 C",
    "value": "#18332F"
  },
  {
    "name": "621 C",
    "value": "#D1E0D7"
  },
  {
    "name": "622 C",
    "value": "#B7CDC2"
  },
  {
    "name": "623 C",
    "value": "#9AB9AD"
  },
  {
    "name": "624 C",
    "value": "#789F90"
  },
  {
    "name": "625 C",
    "value": "#507F70"
  },
  {
    "name": "626 C",
    "value": "#285C4D"
  },
  {
    "name": "627 C",
    "value": "#13322B"
  },
  {
    "name": "331 C",
    "value": "#A7E6D7"
  },
  {
    "name": "332 C",
    "value": "#8CE2D0"
  },
  {
    "name": "333 C",
    "value": "#3CDBC0"
  },
  {
    "name": "334 C",
    "value": "#009775"
  },
  {
    "name": "335 C",
    "value": "#007B5F"
  },
  {
    "name": "336 C",
    "value": "#00664F"
  },
  {
    "name": "337 C",
    "value": "#8FD6BD"
  },
  {
    "name": "338 C",
    "value": "#6ECEB2"
  },
  {
    "name": "339 C",
    "value": "#00B388"
  },
  {
    "name": "340 C",
    "value": "#00965E"
  },
  {
    "name": "341 C",
    "value": "#007A53"
  },
  {
    "name": "342 C",
    "value": "#006747"
  },
  {
    "name": "343 C",
    "value": "#115740"
  },
  {
    "name": "7723 C",
    "value": "#50A684"
  },
  {
    "name": "7724 C",
    "value": "#00966C"
  },
  {
    "name": "7725 C",
    "value": "#008755"
  },
  {
    "name": "7726 C",
    "value": "#007B4B"
  },
  {
    "name": "7727 C",
    "value": "#006F44"
  },
  {
    "name": "7728 C",
    "value": "#006845"
  },
  {
    "name": "7729 C",
    "value": "#005844"
  },
  {
    "name": "3375 C",
    "value": "#7AE1BF"
  },
  {
    "name": "3385 C",
    "value": "#47D7AC"
  },
  {
    "name": "3395 C",
    "value": "#00C389"
  },
  {
    "name": "3405 C",
    "value": "#00AF66"
  },
  {
    "name": "3415 C",
    "value": "#007749"
  },
  {
    "name": "3425 C",
    "value": "#006341"
  },
  {
    "name": "3435 C",
    "value": "#154734"
  },
  {
    "name": "344 C",
    "value": "#A0DAB3"
  },
  {
    "name": "345 C",
    "value": "#91D6AC"
  },
  {
    "name": "346 C",
    "value": "#71CC98"
  },
  {
    "name": "347 C",
    "value": "#009A44"
  },
  {
    "name": "348 C",
    "value": "#00843D"
  },
  {
    "name": "349 C",
    "value": "#046A38"
  },
  {
    "name": "350 C",
    "value": "#2C5234"
  },
  {
    "name": "351 C",
    "value": "#A2E4B8"
  },
  {
    "name": "352 C",
    "value": "#8FE2B0"
  },
  {
    "name": "353 C",
    "value": "#80E0A7"
  },
  {
    "name": "354 C",
    "value": "#00B140"
  },
  {
    "name": "355 C",
    "value": "#009639"
  },
  {
    "name": "356 C",
    "value": "#007A33"
  },
  {
    "name": "357 C",
    "value": "#215732"
  },
  {
    "name": "7478 C",
    "value": "#9BE3BF"
  },
  {
    "name": "7479 C",
    "value": "#26D07C"
  },
  {
    "name": "7480 C",
    "value": "#00BF6F"
  },
  {
    "name": "7481 C",
    "value": "#00B74F"
  },
  {
    "name": "7482 C",
    "value": "#009F4D"
  },
  {
    "name": "7483 C",
    "value": "#275D38"
  },
  {
    "name": "7484 C",
    "value": "#00573F"
  },
  {
    "name": "7730 C",
    "value": "#4B9560"
  },
  {
    "name": "7731 C",
    "value": "#228848"
  },
  {
    "name": "7732 C",
    "value": "#007A3E"
  },
  {
    "name": "7733 C",
    "value": "#007041"
  },
  {
    "name": "7734 C",
    "value": "#286140"
  },
  {
    "name": "7735 C",
    "value": "#36573B"
  },
  {
    "name": "7736 C",
    "value": "#395542"
  },
  {
    "name": "7737 C",
    "value": "#6BA539"
  },
  {
    "name": "7738 C",
    "value": "#48A23F"
  },
  {
    "name": "7739 C",
    "value": "#319B42"
  },
  {
    "name": "7740 C",
    "value": "#3A913F"
  },
  {
    "name": "7741 C",
    "value": "#44883E"
  },
  {
    "name": "7742 C",
    "value": "#4A773C"
  },
  {
    "name": "7743 C",
    "value": "#44693D"
  },
  {
    "name": "358 C",
    "value": "#ADDC91"
  },
  {
    "name": "359 C",
    "value": "#A1D884"
  },
  {
    "name": "360 C",
    "value": "#6CC24A"
  },
  {
    "name": "361 C",
    "value": "#43B02A"
  },
  {
    "name": "362 C",
    "value": "#509E2F"
  },
  {
    "name": "363 C",
    "value": "#4C8C2B"
  },
  {
    "name": "364 C",
    "value": "#4A7729"
  },
  {
    "name": "7485 C",
    "value": "#D0DEBB"
  },
  {
    "name": "7486 C",
    "value": "#BCE194"
  },
  {
    "name": "7487 C",
    "value": "#8EDD65"
  },
  {
    "name": "7488 C",
    "value": "#78D64B"
  },
  {
    "name": "7489 C",
    "value": "#74AA50"
  },
  {
    "name": "7490 C",
    "value": "#719949"
  },
  {
    "name": "7491 C",
    "value": "#79863C"
  },
  {
    "name": "365 C",
    "value": "#C2E189"
  },
  {
    "name": "366 C",
    "value": "#B7DD79"
  },
  {
    "name": "367 C",
    "value": "#A4D65E"
  },
  {
    "name": "368 C",
    "value": "#78BE20"
  },
  {
    "name": "369 C",
    "value": "#64A70B"
  },
  {
    "name": "370 C",
    "value": "#658D1B"
  },
  {
    "name": "371 C",
    "value": "#546223"
  },
  {
    "name": "372 C",
    "value": "#D4EB8E"
  },
  {
    "name": "373 C",
    "value": "#CDEA80"
  },
  {
    "name": "374 C",
    "value": "#C5E86C"
  },
  {
    "name": "375 C",
    "value": "#97D700"
  },
  {
    "name": "376 C",
    "value": "#84BD00"
  },
  {
    "name": "377 C",
    "value": "#7A9A01"
  },
  {
    "name": "378 C",
    "value": "#59621D"
  },
  {
    "name": "580 C",
    "value": "#C4D6A4"
  },
  {
    "name": "579 C",
    "value": "#BCD19B"
  },
  {
    "name": "578 C",
    "value": "#B7CE95"
  },
  {
    "name": "577 C",
    "value": "#A9C47F"
  },
  {
    "name": "576 C",
    "value": "#789D4A"
  },
  {
    "name": "575 C",
    "value": "#67823A"
  },
  {
    "name": "574 C",
    "value": "#4E5B31"
  },
  {
    "name": "5807 C",
    "value": "#D0D1AB"
  },
  {
    "name": "5797 C",
    "value": "#C6C89B"
  },
  {
    "name": "5787 C",
    "value": "#BABD8B"
  },
  {
    "name": "5777 C",
    "value": "#A2A569"
  },
  {
    "name": "5767 C",
    "value": "#8A8D4A"
  },
  {
    "name": "5757 C",
    "value": "#6D712E"
  },
  {
    "name": "5747 C",
    "value": "#3D441E"
  },
  {
    "name": "5875 C",
    "value": "#D2CE9E"
  },
  {
    "name": "5865 C",
    "value": "#CBC793"
  },
  {
    "name": "5855 C",
    "value": "#C0BB87"
  },
  {
    "name": "5845 C",
    "value": "#AFA96E"
  },
  {
    "name": "5835 C",
    "value": "#A09958"
  },
  {
    "name": "5825 C",
    "value": "#89813D"
  },
  {
    "name": "5815 C",
    "value": "#555025"
  },
  {
    "name": "5803 C",
    "value": "#C3C6A8"
  },
  {
    "name": "5793 C",
    "value": "#B3B995"
  },
  {
    "name": "5783 C",
    "value": "#A3AA83"
  },
  {
    "name": "5773 C",
    "value": "#899064"
  },
  {
    "name": "5763 C",
    "value": "#737B4C"
  },
  {
    "name": "5753 C",
    "value": "#5E6738"
  },
  {
    "name": "5743 C",
    "value": "#3E4827"
  },
  {
    "name": "7492 C",
    "value": "#BFCC80"
  },
  {
    "name": "7493 C",
    "value": "#BBC592"
  },
  {
    "name": "7494 C",
    "value": "#9CAF88"
  },
  {
    "name": "7495 C",
    "value": "#8F993E"
  },
  {
    "name": "7496 C",
    "value": "#76881D"
  },
  {
    "name": "7497 C",
    "value": "#7A7256"
  },
  {
    "name": "7498 C",
    "value": "#5B6236"
  },
  {
    "name": "7744 C",
    "value": "#BABC16"
  },
  {
    "name": "7745 C",
    "value": "#ABAD23"
  },
  {
    "name": "7746 C",
    "value": "#999B30"
  },
  {
    "name": "7747 C",
    "value": "#888D30"
  },
  {
    "name": "7748 C",
    "value": "#7C8034"
  },
  {
    "name": "7749 C",
    "value": "#727337"
  },
  {
    "name": "7750 C",
    "value": "#656635"
  },
  {
    "name": "379 C",
    "value": "#E2E868"
  },
  {
    "name": "380 C",
    "value": "#DBE442"
  },
  {
    "name": "381 C",
    "value": "#CEDC00"
  },
  {
    "name": "382 C",
    "value": "#C4D600"
  },
  {
    "name": "383 C",
    "value": "#A8AD00"
  },
  {
    "name": "384 C",
    "value": "#949300"
  },
  {
    "name": "385 C",
    "value": "#787121"
  },
  {
    "name": "386 C",
    "value": "#E9EC6B"
  },
  {
    "name": "387 C",
    "value": "#E3E935"
  },
  {
    "name": "388 C",
    "value": "#E0E721"
  },
  {
    "name": "389 C",
    "value": "#D0DF00"
  },
  {
    "name": "390 C",
    "value": "#B5BD00"
  },
  {
    "name": "391 C",
    "value": "#9A9500"
  },
  {
    "name": "392 C",
    "value": "#827A04"
  },
  {
    "name": "587 C",
    "value": "#E3E48D"
  },
  {
    "name": "586 C",
    "value": "#E0E27C"
  },
  {
    "name": "585 C",
    "value": "#DBDE70"
  },
  {
    "name": "584 C",
    "value": "#D2D755"
  },
  {
    "name": "583 C",
    "value": "#B7BF10"
  },
  {
    "name": "582 C",
    "value": "#8E8C13"
  },
  {
    "name": "581 C",
    "value": "#625D20"
  },
  {
    "name": "393 C",
    "value": "#F0EC74"
  },
  {
    "name": "394 C",
    "value": "#EDE939"
  },
  {
    "name": "395 C",
    "value": "#ECE81A"
  },
  {
    "name": "396 C",
    "value": "#E1E000"
  },
  {
    "name": "397 C",
    "value": "#BFB800"
  },
  {
    "name": "398 C",
    "value": "#ADA400"
  },
  {
    "name": "399 C",
    "value": "#A09200"
  },
  {
    "name": "3935 C",
    "value": "#F3EA5D"
  },
  {
    "name": "3945 C",
    "value": "#F3E500"
  },
  {
    "name": "3955 C",
    "value": "#EFDF00"
  },
  {
    "name": "3965 C",
    "value": "#EEDC00"
  },
  {
    "name": "3975 C",
    "value": "#BBA600"
  },
  {
    "name": "3985 C",
    "value": "#9A8700"
  },
  {
    "name": "3995 C",
    "value": "#685C20"
  },
  {
    "name": "600 C",
    "value": "#F1EB9C"
  },
  {
    "name": "601 C",
    "value": "#F0E991"
  },
  {
    "name": "602 C",
    "value": "#F0E87B"
  },
  {
    "name": "603 C",
    "value": "#EDE04B"
  },
  {
    "name": "604 C",
    "value": "#EADA24"
  },
  {
    "name": "605 C",
    "value": "#E1CD00"
  },
  {
    "name": "606 C",
    "value": "#CFB500"
  },
  {
    "name": "607 C",
    "value": "#EBE49A"
  },
  {
    "name": "608 C",
    "value": "#E9E186"
  },
  {
    "name": "609 C",
    "value": "#E6DE77"
  },
  {
    "name": "610 C",
    "value": "#E1D555"
  },
  {
    "name": "611 C",
    "value": "#D7C826"
  },
  {
    "name": "612 C",
    "value": "#C4B000"
  },
  {
    "name": "613 C",
    "value": "#B39B00"
  },
  {
    "name": "461 C",
    "value": "#E9DF97"
  },
  {
    "name": "460 C",
    "value": "#E4D77E"
  },
  {
    "name": "459 C",
    "value": "#DECD63"
  },
  {
    "name": "458 C",
    "value": "#D9C756"
  },
  {
    "name": "457 C",
    "value": "#B89D18"
  },
  {
    "name": "456 C",
    "value": "#A28E2A"
  },
  {
    "name": "455 C",
    "value": "#695B24"
  },
  {
    "name": "614 C",
    "value": "#DCD59A"
  },
  {
    "name": "615 C",
    "value": "#D6CF8D"
  },
  {
    "name": "616 C",
    "value": "#D0C883"
  },
  {
    "name": "617 C",
    "value": "#C0B561"
  },
  {
    "name": "618 C",
    "value": "#AC9F3C"
  },
  {
    "name": "619 C",
    "value": "#9F912A"
  },
  {
    "name": "620 C",
    "value": "#8A7B19"
  },
  {
    "name": "7751 C",
    "value": "#CAB64B"
  },
  {
    "name": "7752 C",
    "value": "#CFB023"
  },
  {
    "name": "7753 C",
    "value": "#C1A01E"
  },
  {
    "name": "7754 C",
    "value": "#A08629"
  },
  {
    "name": "7755 C",
    "value": "#897630"
  },
  {
    "name": "7756 C",
    "value": "#736635"
  },
  {
    "name": "7757 C",
    "value": "#675E33"
  },
  {
    "name": "7758 C",
    "value": "#D4C304"
  },
  {
    "name": "7759 C",
    "value": "#C4B200"
  },
  {
    "name": "7760 C",
    "value": "#91852C"
  },
  {
    "name": "7761 C",
    "value": "#747136"
  },
  {
    "name": "7762 C",
    "value": "#5D6439"
  },
  {
    "name": "7763 C",
    "value": "#585C3B"
  },
  {
    "name": "7764 C",
    "value": "#535435"
  },
  {
    "name": "7765 C",
    "value": "#BBB323"
  },
  {
    "name": "7766 C",
    "value": "#B4A91F"
  },
  {
    "name": "7767 C",
    "value": "#AA9D2E"
  },
  {
    "name": "7768 C",
    "value": "#8F7E35"
  },
  {
    "name": "7769 C",
    "value": "#716135"
  },
  {
    "name": "7770 C",
    "value": "#635939"
  },
  {
    "name": "7771 C",
    "value": "#4E4934"
  },
  {
    "name": "4545 C",
    "value": "#D5CB9F"
  },
  {
    "name": "4535 C",
    "value": "#CFC493"
  },
  {
    "name": "4525 C",
    "value": "#C5B783"
  },
  {
    "name": "4515 C",
    "value": "#B3A369"
  },
  {
    "name": "4505 C",
    "value": "#998542"
  },
  {
    "name": "4495 C",
    "value": "#8C7732"
  },
  {
    "name": "4485 C",
    "value": "#614F25"
  },
  {
    "name": "454 C",
    "value": "#CAC7A7"
  },
  {
    "name": "453 C",
    "value": "#BFBB98"
  },
  {
    "name": "452 C",
    "value": "#B0AA7E"
  },
  {
    "name": "451 C",
    "value": "#9B945F"
  },
  {
    "name": "450 C",
    "value": "#594A25"
  },
  {
    "name": "449 C",
    "value": "#524727"
  },
  {
    "name": "448 C",
    "value": "#4A412A"
  },
  {
    "name": "7499 C",
    "value": "#F1E6B2"
  },
  {
    "name": "7500 C",
    "value": "#DFD1A7"
  },
  {
    "name": "7501 C",
    "value": "#D9C89E"
  },
  {
    "name": "7502 C",
    "value": "#CEB888"
  },
  {
    "name": "7503 C",
    "value": "#A89968"
  },
  {
    "name": "7504 C",
    "value": "#94795D"
  },
  {
    "name": "7505 C",
    "value": "#816040"
  },
  {
    "name": "468 C",
    "value": "#DDCBA4"
  },
  {
    "name": "467 C",
    "value": "#D3BC8D"
  },
  {
    "name": "466 C",
    "value": "#C6AA76"
  },
  {
    "name": "465 C",
    "value": "#B9975B"
  },
  {
    "name": "464 C",
    "value": "#8B5B29"
  },
  {
    "name": "463 C",
    "value": "#744F28"
  },
  {
    "name": "462 C",
    "value": "#5C462B"
  },
  {
    "name": "7506 C",
    "value": "#EFDBB2"
  },
  {
    "name": "7507 C",
    "value": "#FCD299"
  },
  {
    "name": "7508 C",
    "value": "#E1B87F"
  },
  {
    "name": "7509 C",
    "value": "#D6A461"
  },
  {
    "name": "7510 C",
    "value": "#C6893F"
  },
  {
    "name": "7511 C",
    "value": "#B77729"
  },
  {
    "name": "7512 C",
    "value": "#A6631B"
  },
  {
    "name": "719 C",
    "value": "#EDC8A3"
  },
  {
    "name": "720 C",
    "value": "#E7B78A"
  },
  {
    "name": "721 C",
    "value": "#DDA46F"
  },
  {
    "name": "722 C",
    "value": "#C88242"
  },
  {
    "name": "723 C",
    "value": "#B36924"
  },
  {
    "name": "724 C",
    "value": "#934D11"
  },
  {
    "name": "725 C",
    "value": "#7D3F16"
  },
  {
    "name": "475 C",
    "value": "#F3CFB3"
  },
  {
    "name": "474 C",
    "value": "#F1C6A7"
  },
  {
    "name": "473 C",
    "value": "#F0BF9B"
  },
  {
    "name": "472 C",
    "value": "#E59E6D"
  },
  {
    "name": "471 C",
    "value": "#B86125"
  },
  {
    "name": "470 C",
    "value": "#A45A2A"
  },
  {
    "name": "469 C",
    "value": "#693F23"
  },
  {
    "name": "726 C",
    "value": "#E0C09F"
  },
  {
    "name": "727 C",
    "value": "#D9B48F"
  },
  {
    "name": "728 C",
    "value": "#CDA077"
  },
  {
    "name": "729 C",
    "value": "#B58150"
  },
  {
    "name": "730 C",
    "value": "#9E652E"
  },
  {
    "name": "731 C",
    "value": "#774212"
  },
  {
    "name": "732 C",
    "value": "#623412"
  },
  {
    "name": "4685 C",
    "value": "#E0C6AD"
  },
  {
    "name": "4675 C",
    "value": "#DCBFA6"
  },
  {
    "name": "4665 C",
    "value": "#CDA788"
  },
  {
    "name": "4655 C",
    "value": "#BF9474"
  },
  {
    "name": "4645 C",
    "value": "#AD7C59"
  },
  {
    "name": "4635 C",
    "value": "#946037"
  },
  {
    "name": "4625 C",
    "value": "#4F2C1D"
  },
  {
    "name": "7513 C",
    "value": "#E1B7A7"
  },
  {
    "name": "7514 C",
    "value": "#D5A286"
  },
  {
    "name": "7515 C",
    "value": "#C58B68"
  },
  {
    "name": "7516 C",
    "value": "#99552B"
  },
  {
    "name": "7517 C",
    "value": "#85431E"
  },
  {
    "name": "7518 C",
    "value": "#6D4F47"
  },
  {
    "name": "7519 C",
    "value": "#5E4B3C"
  },
  {
    "name": "4755 C",
    "value": "#D7C4B7"
  },
  {
    "name": "4745 C",
    "value": "#CDB5A7"
  },
  {
    "name": "4735 C",
    "value": "#C0A392"
  },
  {
    "name": "4725 C",
    "value": "#AE8A79"
  },
  {
    "name": "4715 C",
    "value": "#956C58"
  },
  {
    "name": "4705 C",
    "value": "#7C4D3A"
  },
  {
    "name": "4695 C",
    "value": "#5B3427"
  },
  {
    "name": "482 C",
    "value": "#DBC8B6"
  },
  {
    "name": "481 C",
    "value": "#D3BBA8"
  },
  {
    "name": "480 C",
    "value": "#C6A992"
  },
  {
    "name": "479 C",
    "value": "#AA8066"
  },
  {
    "name": "478 C",
    "value": "#703F2A"
  },
  {
    "name": "477 C",
    "value": "#623B2A"
  },
  {
    "name": "476 C",
    "value": "#4E3629"
  },
  {
    "name": "7527 C",
    "value": "#D6D2C4"
  },
  {
    "name": "7528 C",
    "value": "#C5B9AC"
  },
  {
    "name": "7529 C",
    "value": "#B7A99A"
  },
  {
    "name": "7530 C",
    "value": "#A39382"
  },
  {
    "name": "7531 C",
    "value": "#7A6855"
  },
  {
    "name": "7532 C",
    "value": "#63513D"
  },
  {
    "name": "7533 C",
    "value": "#473729"
  },
  {
    "name": "7534 C",
    "value": "#D1CCBD"
  },
  {
    "name": "7535 C",
    "value": "#B7B09C"
  },
  {
    "name": "7536 C",
    "value": "#A69F88"
  },
  {
    "name": "7537 C",
    "value": "#A7ACA2"
  },
  {
    "name": "7538 C",
    "value": "#949A90"
  },
  {
    "name": "7539 C",
    "value": "#8E9089"
  },
  {
    "name": "7540 C",
    "value": "#4B4F54"
  },
  {
    "name": "427 C",
    "value": "#D0D3D4"
  },
  {
    "name": "428 C",
    "value": "#C1C6C8"
  },
  {
    "name": "429 C",
    "value": "#A2AAAD"
  },
  {
    "name": "430 C",
    "value": "#7C878E"
  },
  {
    "name": "431 C",
    "value": "#5B6770"
  },
  {
    "name": "432 C",
    "value": "#333F48"
  },
  {
    "name": "433 C",
    "value": "#1D252D"
  },
  {
    "name": "420 C",
    "value": "#C7C9C7"
  },
  {
    "name": "421 C",
    "value": "#B2B4B2"
  },
  {
    "name": "422 C",
    "value": "#9EA2A2"
  },
  {
    "name": "423 C",
    "value": "#898D8D"
  },
  {
    "name": "424 C",
    "value": "#707372"
  },
  {
    "name": "425 C",
    "value": "#54585A"
  },
  {
    "name": "426 C",
    "value": "#25282A"
  },
  {
    "name": "441 C",
    "value": "#BEC6C4"
  },
  {
    "name": "442 C",
    "value": "#A2ACAB"
  },
  {
    "name": "443 C",
    "value": "#919D9D"
  },
  {
    "name": "444 C",
    "value": "#717C7D"
  },
  {
    "name": "445 C",
    "value": "#505759"
  },
  {
    "name": "446 C",
    "value": "#3F4444"
  },
  {
    "name": "447 C",
    "value": "#373A36"
  },
  {
    "name": "413 C",
    "value": "#BABBB1"
  },
  {
    "name": "414 C",
    "value": "#A8A99E"
  },
  {
    "name": "415 C",
    "value": "#919388"
  },
  {
    "name": "416 C",
    "value": "#7E7F74"
  },
  {
    "name": "417 C",
    "value": "#65665C"
  },
  {
    "name": "418 C",
    "value": "#51534A"
  },
  {
    "name": "419 C",
    "value": "#212322"
  },
  {
    "name": "400 C",
    "value": "#C4BFB6"
  },
  {
    "name": "401 C",
    "value": "#AFA9A0"
  },
  {
    "name": "402 C",
    "value": "#9D968D"
  },
  {
    "name": "403 C",
    "value": "#8C857B"
  },
  {
    "name": "404 C",
    "value": "#776E64"
  },
  {
    "name": "405 C",
    "value": "#696158"
  },
  {
    "name": "406 C",
    "value": "#C4BCB7"
  },
  {
    "name": "407 C",
    "value": "#B2A8A2"
  },
  {
    "name": "408 C",
    "value": "#978C87"
  },
  {
    "name": "409 C",
    "value": "#857874"
  },
  {
    "name": "410 C",
    "value": "#746661"
  },
  {
    "name": "411 C",
    "value": "#5E514D"
  },
  {
    "name": "412 C",
    "value": "#382F2D"
  },
  {
    "name": "434 C",
    "value": "#D0C4C5"
  },
  {
    "name": "435 C",
    "value": "#C1B2B6"
  },
  {
    "name": "436 C",
    "value": "#AB989D"
  },
  {
    "name": "437 C",
    "value": "#7B6469"
  },
  {
    "name": "438 C",
    "value": "#584446"
  },
  {
    "name": "439 C",
    "value": "#453536"
  },
  {
    "name": "440 C",
    "value": "#382E2C"
  },
  {
    "name": "Warm Gray 1 C",
    "value": "#D7D2CB"
  },
  {
    "name": "Warm Gray 2 C",
    "value": "#CBC4BC"
  },
  {
    "name": "Warm Gray 3 C",
    "value": "#BFB8AF"
  },
  {
    "name": "Warm Gray 4 C",
    "value": "#B6ADA5"
  },
  {
    "name": "Warm Gray 5 C",
    "value": "#ACA39A"
  },
  {
    "name": "Warm Gray 6 C",
    "value": "#A59C94"
  },
  {
    "name": "Warm Gray 7 C",
    "value": "#968C83"
  },
  {
    "name": "Warm Gray 8 C",
    "value": "#8C8279"
  },
  {
    "name": "Warm Gray 9 C",
    "value": "#83786F"
  },
  {
    "name": "Warm Gray 10 C",
    "value": "#796E65"
  },
  {
    "name": "Warm Gray 11 C",
    "value": "#6E6259"
  },
  {
    "name": "Cool Gray 1 C",
    "value": "#D9D9D6"
  },
  {
    "name": "Cool Gray 2 C",
    "value": "#D0D0CE"
  },
  {
    "name": "Cool Gray 3 C",
    "value": "#C8C9C7"
  },
  {
    "name": "Cool Gray 4 C",
    "value": "#BBBCBC"
  },
  {
    "name": "Cool Gray 5 C",
    "value": "#B1B3B3"
  },
  {
    "name": "Cool Gray 6 C",
    "value": "#A7A8AA"
  },
  {
    "name": "Cool Gray 7 C",
    "value": "#97999B"
  },
  {
    "name": "Cool Gray 8 C",
    "value": "#888B8D"
  },
  {
    "name": "Cool Gray 9 C",
    "value": "#75787B"
  },
  {
    "name": "Cool Gray 10 C",
    "value": "#63666A"
  },
  {
    "name": "Cool Gray 11 C",
    "value": "#53565A"
  },
  {
    "name": "Black 2 C",
    "value": "#332F21"
  },
  {
    "name": "Black 3 C",
    "value": "#212721"
  },
  {
    "name": "Black 4 C",
    "value": "#31261D"
  },
  {
    "name": "Black 5 C",
    "value": "#3E2B2E"
  },
  {
    "name": "Black 6 C",
    "value": "#101820"
  },
  {
    "name": "Black 7 C",
    "value": "#3D3935"
  }
]
}



