{
  "productCategoriesList": [
    {
      "id": "r1",
      "name": "Clothing",
      "thumbUrl": "products/cool-t-shirt/thumbs/t-shirt-blue.png",
      "categories": [
        {
          "id": "1",
          "name": "Apparel",
          "thumbUrl": "products/cool-t-shirt/thumbs/apparel_cat.jpg",
          "products": [
            {
              "id": "11",
              "categoryId": "1",
              "name": "T-shirt",
              "description": "<ul><li>A perfect tee for hipsters</li><li>4.8x8.2 (4.8x8.6)</li><li>vector multicolor product images</li><li>clip-rect</li><li>150DPU</li></ul>",
              "data": {
                "price": "29",
                "material": "Cotton"
              },
              "pantones": {
                "useForDecoration": true,
                "useForProduct":  true
              },
              "thumbUrl": "products/cool-t-shirt/thumbs/t-shirt-blue.png",
              "namesNumbersEnabled": true,
              "multicolor": true,
              "minQuantity": 5,
              "minDPU": 50,
              "locations": [
                {
                  "name": "Front",
                  "image": "products/cool-t-shirt/t-shirt_front.svg",
                  "editableArea": [
                    170,
                    75,
                    410,
                    485
                  ],
                  "editableAreaUnits": [ 4.8, 8.2 ],
                  "clipRect": [ 170, 75, 410, 485 ]
                },
                {
                  "name": "Back",
                  "image": "products/cool-t-shirt/t-shirt_back.svg",
                  "editableArea": [
                    170,
                    55,
                    410,
                    485
                  ],
                  "editableAreaUnits": [ 4.8, 8.6 ],
                  "clipRect": [ 170, 75, 410, 485 ]
                }
              ],
              "colorizableElements": [
                {
                  "name": "Color",
                  "id": ".bg.fill",
                  "colors": [
                    {
                      "name": "White",
                      "value": "#FFF"
                    },
                    {
                      "name": "Black",
                      "value": "#000"
                    },
                    {
                      "name": "Steel Blue",
                      "value": "#4682B4"
                    },
                    {
                      "name": "Firebrick",
                      "value": "#B22222"
                    },
                    {
                      "name": "Maroon",
                      "value": "#B03060"
                    },
                    {
                      "name": "Navajo White 4",
                      "value": "#8B795E"
                    },
                    {
                      "name": "Dark Olive Green 4",
                      "value": "#6E8B3D"
                    },
                    {
                      "name": "Red",
                      "value": "#E3000F"
                    },
                    {
                      "name": "Forest Green",
                      "value": "#00923A"
                    },
                    {
                      "name": "Siena",
                      "value": "#EE7200"
                    }
                  ]
                }
              ],
              "sizes": [
                "XS",
                "S",
                "M",
                "L",
                "XL",
                "XXL",
                "XXXL"
              ]
            },
            {
              "id": "11a",
              "categoryId": "1",
              "name": "Cool Tee 1",
              "description": "A perfect sample tee, raster images",
              "data": {
                "price": "29"
              },
              "pantones": {
                "useForDecoration": true
              },
              "thumbUrl": "products/cool-t-shirt/thumbs/t-shirt-yellow.png",
              "minQuantity": 7,
              "locations": [
                {
                  "name": "Front",
                  "image": "products/cool-t-shirt/cool-t-shirt_White_front.jpg",
                  "editableArea": [
                    175,
                    70,
                    420,
                    520
                  ],
                  "editableAreaUnits": [
                    5,
                    10
                  ]
                },
                {
                  "name": "Back",
                  "image": "products/cool-t-shirt/cool-t-shirt_White_back.jpg",
                  "editableArea": [
                    175,
                    50,
                    420,
                    500
                  ],
                  "editableAreaUnits": [
                    49,
                    90
                  ]
                }
              ],
              "colors": [
                {
                  "name": "Aero",
                  "value": "#9cb8d0",
                  "location": [
                    {
                      "name": "Front",
                      "image": "products/cool-t-shirt/cool-t-shirt_Aero_front.jpg",
                      "mask": "products/cool-t-shirt/cool-t-shirt_mask_front.png"
                    },
                    {
                      "name": "Back",
                      "image": "products/cool-t-shirt/cool-t-shirt_Aero_back.jpg",
                      "mask": "products/cool-t-shirt/cool-t-shirt_mask_back.png"
                    }
                  ]
                },
                {
                  "name": "White",
                  "value": "#FFF",
                  "location": [
                    {
                      "name": "Front",
                      "image": "products/cool-t-shirt/cool-t-shirt_White_front.jpg",
                      "mask": "products/cool-t-shirt/cool-t-shirt_mask_front.png"
                    },
                    {
                      "name": "Back",
                      "image": "products/cool-t-shirt/cool-t-shirt_White_back.jpg",
                      "mask": "products/cool-t-shirt/cool-t-shirt_mask_back.png"
                    }
                  ]
                },
                {
                  "name": "Alizarin",
                  "value": "#d76366",
                  "location": [
                    {
                      "name": "Front",
                      "image": "products/cool-t-shirt/cool-t-shirt_Alizarin_front.jpg",
                      "mask": "products/cool-t-shirt/cool-t-shirt_mask_front.png"
                    },
                    {
                      "name": "Back",
                      "image": "products/cool-t-shirt/cool-t-shirt_Alizarin_back.jpg",
                      "mask": "products/cool-t-shirt/cool-t-shirt_mask_back.png"
                    }
                  ]
                },
                {
                  "name": "Aqua",
                  "value": "#529993",
                  "location": [
                    {
                      "name": "Front",
                      "image": "products/cool-t-shirt/cool-t-shirt_Aqua_front.jpg",
                      "mask": "products/cool-t-shirt/cool-t-shirt_mask_front.png"
                    },
                    {
                      "name": "Back",
                      "image": "products/cool-t-shirt/cool-t-shirt_Aqua_back.jpg",
                      "mask": "products/cool-t-shirt/cool-t-shirt_mask_back.png"
                    }
                  ]
                },
                {
                  "name": "Cherry",
                  "value": "#704b52",
                  "location": [
                    {
                      "name": "Front",
                      "image": "products/cool-t-shirt/cool-t-shirt_Cherry_front.jpg",
                      "mask": "products/cool-t-shirt/cool-t-shirt_mask_front.png"
                    },
                    {
                      "name": "Back",
                      "image": "products/cool-t-shirt/cool-t-shirt_Cherry_back.jpg",
                      "mask": "products/cool-t-shirt/cool-t-shirt_mask_back.png"
                    }
                  ]
                },
                {
                  "name": "Forest Green",
                  "value": "#529a51",
                  "location": [
                    {
                      "name": "Front",
                      "image": "products/cool-t-shirt/cool-t-shirt_Forest_front.jpg",
                      "mask": "products/cool-t-shirt/cool-t-shirt_mask_front.png"
                    },
                    {
                      "name": "Back",
                      "image": "products/cool-t-shirt/cool-t-shirt_Forest_back.jpg",
                      "mask": "products/cool-t-shirt/cool-t-shirt_mask_back.png"
                    }
                  ]
                },
                {
                  "name": "Gray",
                  "value": "#8d8d8d",
                  "location": [
                    {
                      "name": "Front",
                      "image": "products/cool-t-shirt/cool-t-shirt_Gray_front.jpg",
                      "mask": "products/cool-t-shirt/cool-t-shirt_mask_front.png"
                    },
                    {
                      "name": "Back",
                      "image": "products/cool-t-shirt/cool-t-shirt_Gray_back.jpg",
                      "mask": "products/cool-t-shirt/cool-t-shirt_mask_back.png"
                    }
                  ]
                },
                {
                  "name": "Indigo",
                  "value": "#815ac7",
                  "location": [
                    {
                      "name": "Front",
                      "image": "products/cool-t-shirt/cool-t-shirt_Indigo_front.jpg",
                      "mask": "products/cool-t-shirt/cool-t-shirt_mask_front.png"
                    },
                    {
                      "name": "Back",
                      "image": "products/cool-t-shirt/cool-t-shirt_Indigo_back.jpg",
                      "mask": "products/cool-t-shirt/cool-t-shirt_mask_back.png"
                    }
                  ]
                },
                {
                  "name": "Olive",
                  "value": "#a4ab5e",
                  "location": [
                    {
                      "name": "Front",
                      "image": "products/cool-t-shirt/cool-t-shirt_Olive_front.jpg",
                      "mask": "products/cool-t-shirt/cool-t-shirt_mask_front.png"
                    },
                    {
                      "name": "Back",
                      "image": "products/cool-t-shirt/cool-t-shirt_Olive_back.jpg",
                      "mask": "products/cool-t-shirt/cool-t-shirt_mask_back.png"
                    }
                  ]
                },
                {
                  "name": "Yellow",
                  "value": "#d98c46",
                  "location": [
                    {
                      "name": "Front",
                      "image": "products/cool-t-shirt/cool-t-shirt_Orange_front.jpg",
                      "mask": "products/cool-t-shirt/cool-t-shirt_mask_front.png"
                    },
                    {
                      "name": "Back",
                      "image": "products/cool-t-shirt/cool-t-shirt_Orange_back.jpg",
                      "mask": "products/cool-t-shirt/cool-t-shirt_mask_back.png"
                    }
                  ]
                },
                {
                  "name": "Pink",
                  "value": "#dd7ca5",
                  "location": [
                    {
                      "name": "Front",
                      "image": "products/cool-t-shirt/cool-t-shirt_Pink_front.jpg",
                      "mask": "products/cool-t-shirt/cool-t-shirt_mask_front.png"
                    },
                    {
                      "name": "Back",
                      "image": "products/cool-t-shirt/cool-t-shirt_Pink_back.jpg",
                      "mask": "products/cool-t-shirt/cool-t-shirt_mask_back.png"
                    }
                  ]
                }
              ],
              "sizes": [
                "XS",
                "S",
                "M",
                "L",
                "XL",
                "XXL",
                "XXXL"
              ]
            },
            {
              "id": "12",
              "name": "Cap",
              "categoryId": "1",
              "description": "A vector multicolor image, one colorizable area, no sizes",
              "multicolor": true,
              "minQuantity": 3,
              "minDPU": 1,
              "thumbUrl": "products/cap/thumb/cap.jpg",
              "locations": [
                {
                  "name": "Front",
                  "image": "products/cap/bg.svg",
                  "mask": "products/cap/cap.png"
                }
              ],
              "colorizableElements": [
                {
                  "name": "Color",
                  "id": ".bg.fill",
                  "colors": [
                    {
                      "name": "White",
                      "value": "#FFF"
                    },
                    {
                      "name": "Black",
                      "value": "#000"
                    },
                    {
                      "name": "Steel Blue",
                      "value": "#4682B4"
                    },
                    {
                      "name": "Firebrick",
                      "value": "#B22222"
                    },
                    {
                      "name": "Maroon",
                      "value": "#B03060"
                    },
                    {
                      "name": "Navajo White 4",
                      "value": "#8B795E"
                    },
                    {
                      "name": "Dark Olive Green 4",
                      "value": "#6E8B3D"
                    },
                    {
                      "name": "Red",
                      "value": "#E3000F"
                    },
                    {
                      "name": "Forest Green",
                      "value": "#00923A"
                    },
                    {
                      "name": "Siena",
                      "value": "#EE7200"
                    }
                  ]
                }
              ],
              "sizes": [
                "Size 1",
                "Size 2"
              ]
            },
            {
              "id": "13",
              "name": "Hoodie",
              "categoryId": "1",
              "description": "A vector multicolor image, one colorizable area, no sizes",
              "multicolor": true,
              "minQuantity": 10,
              "thumbUrl": "products/hoodie/hoodie_front.svg",
              "locations": [
                {
                  "name": "Front",
                  "image": "products/hoodie/hoodie_front.svg",
                  "editableArea": [
                    205,
                    118,
                    390,
                    470
                  ],
                  "clipRect": [ 205, 118, 390, 470 ]
                },
                {
                  "name": "Back",
                  "image": "products/hoodie/hoodie_back.svg",
                  "editableArea": [
                    173,
                    143,
                    404,
                    415
                  ],
                  "clipRect": [ 173, 143, 404, 415 ]
                }
              ],
              "colorizableElements": [
                {
                  "name": "Color",
                  "id": ".bg.fill",
                  "colors": [
                    {
                      "name": "White",
                      "value": "#FFF"
                    },
                    {
                      "name": "Black",
                      "value": "#000"
                    },
                    {
                      "name": "Steel Blue",
                      "value": "#4682B4"
                    },
                    {
                      "name": "Firebrick",
                      "value": "#B22222"
                    },
                    {
                      "name": "Maroon",
                      "value": "#B03060"
                    },
                    {
                      "name": "Navajo White 4",
                      "value": "#8B795E"
                    },
                    {
                      "name": "Dark Olive Green 4",
                      "value": "#6E8B3D"
                    },
                    {
                      "name": "Red",
                      "value": "#E3000F"
                    },
                    {
                      "name": "Forest Green",
                      "value": "#00923A"
                    },
                    {
                      "name": "Siena",
                      "value": "#EE7200"
                    }
                  ]
                }
              ],
              "sizes": [
                "M",
                "L",
                "X"
              ]
            }
          ]
        },
        {
          "id": "2",
          "name": "Multicolor Uniform",
          "thumbUrl": "products/uniform/thumb/uniform_cat.jpg",
          "products": [
            {
              "id": "21",
              "categoryId": "2",
              "name": "Respawn Jersey",
              "description": "A perfect uniform",
              "multicolor": true,
              "price": "29",
              "thumbUrl": "products/uniform/thumb/respawn.jpg",
              "namesNumbersEnabled": true,
              "pantones": {
                "useForDecoration": false,
                "useForProduct": true
              },
              "locations": [
                {
                  "name": "Front",
                  "image": "products/uniform/respawn_front.svg",
                  "editableArea": [
                    185,
                    66,
                    393,
                    495
                  ],
                  "clipRect": [ 185, 66, 393, 495 ]
                },
                {
                  "name": "Back",
                  "image": "products/uniform/respawn_back.svg",
                  "editableArea": [
                    192,
                    51,
                    399,
                    506
                  ],
                  "clipRect": [ 192, 51, 399, 506 ]
                },
                {
                  "name": "Left Sleeve",
                  "image": "products/uniform/respawn_sleeve.svg",
                  "editableArea": [
                    135,
                    40,
                    452,
                    298
                  ],
                  "clipRect": [ 135, 40, 452, 298 ]
                },
                {
                  "name": "Right Sleeve",
                  "image": "products/uniform/respawn_sleeve.svg",
                  "editableArea": [
                    135,
                    40,
                    452,
                    298
                  ],
                  "clipRect": [ 135, 40, 452, 298 ]
                }
              ],
              "colorizableElements": [
                {
                  "name": "Color",
                  "id": ".bg.fill",
                  "hidePantones": true,
                  "colors": [
                    {
                      "name": "Black",
                      "value": "#000000"
                    },
                    {
                      "name": "Green",
                      "value": "#157F3F"
                    },
                    {
                      "name": "Yellow",
                      "value": "#FEFC5B"
                    },
                    {
                      "name": "Raspberry",
                      "value": "#FE5B8D"
                    },
                    {
                      "name": "Blue",
                      "value": "#0E06AB"
                    }
                  ]
                },
                {
                  "name": "Stripe 1",
                  "id": ".strip.fill",
                  "hidePantones": false
                },
                {
                  "name": "Stripe 2",
                  "id": ".strip2.fill",
                  "hidePantones": false
                }
              ],
              "sizes": [
                "XS",
                "S",
                "M",
                "L",
                "XL",
                "XXL",
                "XXXL"
              ]
            },
            {
              "id": "22",
              "categoryId": "2",
              "name": "Renegade Jersey",
              "description": "A perfect uniform",
              "multicolor": true,
              "price": "29",
              "thumbUrl": "products/uniform/thumb/renegade.jpg",
              "namesNumbersEnabled": true,
              "locations": [
                {
                  "name": "Front",
                  "image": "products/uniform/renegade_front.svg",
                  "editableArea": [
                    221,
                    84,
                    366,
                    500
                  ],
                  "clipRect": [ 221, 84, 366, 500 ]
                },
                {
                  "name": "Back",
                  "image": "products/uniform/renegade_back.svg",
                  "editableArea": [
                    221,
                    37,
                    372,
                    500
                  ],
                  "clipRect": [ 221, 37, 372, 500 ]
                },
                {
                  "name": "Left Sleeve",
                  "image": "products/uniform/renegade_sleeve.svg",
                  "editableArea": [
                    144,
                    45,
                    431,
                    340
                  ],
                  "clipRect": [ 144, 37, 431, 340 ]
                },
                {
                  "name": "Right Sleeve",
                  "image": "products/uniform/renegade_sleeve.svg",
                  "editableArea": [
                    144,
                    45,
                    431,
                    340
                  ],
                  "clipRect": [ 144, 37, 431, 340 ]
                }
              ],
              "colorizableElements": [
                {
                  "name": "Strips",
                  "id": ".strip.fill",
                  "colors": [
                    {
                      "name": "Green",
                      "value": "#157F3F"
                    },
                    {
                      "name": "Yellow",
                      "value": "#FEFC5B"
                    },
                    {
                      "name": "Raspberry",
                      "value": "#FE5B8D"
                    },
                    {
                      "name": "Blue",
                      "value": "#0E06AB"
                    }
                  ]

                }
              ],
              "sizes": [
                "XS",
                "S",
                "M",
                "L",
                "XL",
                "XXL",
                "XXXL"
              ]
            }
          ]
        }
      ]
    },
    {
      "id": "r2",
      "name": "Things",
      "thumbUrl": "products/mug/thumb/mug.jpg",
      "categories": [
        {
          "id": "3",
          "name": "Promotional items",
          "thumbUrl": "products/tote/thumb/promotional_cat.jpg",
          "products": [
            {
              "id": "31",
              "name": "Mug",
              "categoryId": "3",
              "description": "A vector multicolor image, one colorizable area, no sizes",
              "multicolor": true,
              "thumbUrl": "products/mug/thumb/mug.jpg",
              "locations": [
                {
                  "name": "Front",
                  "image": "products/mug/mug.svg",
                  "editableArea": [
                    59,
                    67,
                    412,
                    492
                  ],
                  "clipRect": [ 59, 67, 412, 492 ]
                },
                {
                  "name": "Back",
                  "image": "products/mug/mug_back.svg",
                  "editableArea": [
                    168,
                    67,
                    521,
                    492
                  ],
                  "clipRect": [ 168, 67, 521, 492 ]
                }
              ],
              "colorizableElements": [
                {
                  "name": "Color",
                  "id": ".bg.fill",
                  "colors": [
                    {
                      "name": "Rose",
                      "value": "#D67474"
                    },
                    {
                      "name": "White",
                      "value": "#FFF"
                    },
                    {
                      "name": "Black",
                      "value": "#000"
                    },
                    {
                      "name": "Steel Blue",
                      "value": "#4682B4"
                    },
                    {
                      "name": "Firebrick",
                      "value": "#B22222"
                    },
                    {
                      "name": "Maroon",
                      "value": "#B03060"
                    },
                    {
                      "name": "Navajo White 4",
                      "value": "#8B795E"
                    },
                    {
                      "name": "Dark Olive Green 4",
                      "value": "#6E8B3D"
                    },
                    {
                      "name": "Red",
                      "value": "#E3000F"
                    },
                    {
                      "name": "Forest Green",
                      "value": "#00923A"
                    },
                    {
                      "name": "Siena",
                      "value": "#EE7200"
                    }
                  ]
                }
              ],
              "sizes": [
                "Size 1",
                "Size 2"
              ]
            },
            {
              "id": "32",
              "name": "Tote",
              "categoryId": "3",
              "description": "A vector multicolor image, one colorizable area, no sizes",
              "multicolor": true,
              "thumbUrl": "products/tote/thumb/tote.jpg",
              "locations": [
                {
                  "name": "Front",
                  "image": "products/tote/tote.svg",
                  "editableArea": [
                    196,
                    192,
                    471,
                    495
                  ],
                  "clipRect": [ 196, 192, 471, 495 ]
                }
              ],
              "colorizableElements": [
                {
                  "name": "Color",
                  "id": ".bg.fill",
                  "colors": [
                    {
                      "name": "Light Yellow",
                      "value": "#FBE691"
                    },
                    {
                      "name": "White",
                      "value": "#FFF"
                    },
                    {
                      "name": "Black",
                      "value": "#000"
                    },
                    {
                      "name": "Steel Blue",
                      "value": "#4682B4"
                    },
                    {
                      "name": "Firebrick",
                      "value": "#B22222"
                    },
                    {
                      "name": "Maroon",
                      "value": "#B03060"
                    },
                    {
                      "name": "Navajo White 4",
                      "value": "#8B795E"
                    },
                    {
                      "name": "Dark Olive Green 4",
                      "value": "#6E8B3D"
                    },
                    {
                      "name": "Red",
                      "value": "#E3000F"
                    },
                    {
                      "name": "Forest Green",
                      "value": "#00923A"
                    },
                    {
                      "name": "Siena",
                      "value": "#EE7200"
                    }
                  ]
                }
              ],
              "sizes": [
                "Size 1",
                "Size 2"
              ]
            },
            {
              "id": "33",
              "name": "Flash drive",
              "categoryId": "3",
              "multicolor": true,
              "minQuantity": 15,
              "thumbUrl": "products/flash-drive/thumb/flash_drive.jpg",
              "locations": [
                {
                  "name": "Front",
                  "image": "products/flash-drive/flash_drive.svg",
                  "editableArea": [
                    55,
                    179,
                    470,
                    364
                  ],
                  "clipRect": [ 55, 179, 470, 364 ]
                }
              ],
              "colorizableElements": [
                {
                  "name": "Color",
                  "id": ".bg.fill",
                  "colors": [
                    {
                      "name": "Grey",
                      "value": "#676767"
                    },
                    {
                      "name": "White",
                      "value": "#FFF"
                    },
                    {
                      "name": "Black",
                      "value": "#000"
                    }
                  ]
                }
              ]
            },
            {
              "id": "34",
              "name": "Bottle",
              "categoryId": "3",
              "multicolor": true,
              "thumbUrl": "products/bottle/thumb/bottle.jpg",
              "locations": [
                {
                  "name": "Front",
                  "image": "products/bottle/bottle.svg",
                  "editableArea": [
                    227,
                    237,
                    360,
                    333
                  ],
                  "clipRect": [ 227, 237, 360, 333 ]
                }
              ],
              "colorizableElements": [
                {
                  "name": "Color",
                  "id": ".bg.fill",
                  "colors": [
                    {
                      "name": "Yellow",
                      "value": "#FEE161"
                    },
                    {
                      "name": "White",
                      "value": "#FFF"
                    }
                  ]
                }
              ]
            },
            {
              "id": "35",
              "name": "Koozie",
              "categoryId": "3",
              "multicolor": true,
              "thumbUrl": "products/koozie/thumb/koozie.jpg",
              "locations": [
                {
                  "name": "Front",
                  "image": "products/koozie/koozie.svg",
                  "editableArea": [
                    197,
                    64,
                    388,
                    495
                  ],
                  "clipRect": [ 197, 64, 388, 495 ]
                }
              ],
              "colorizableElements": [
                {
                  "name": "Color",
                  "id": ".bg.fill",
                  "colors": [
                    {
                      "name": "Violet",
                      "value": "#FEE161"
                    },
                    {
                      "name": "Black",
                      "value": "#000"
                    },
                    {
                      "name": "Steel Blue",
                      "value": "#4682B4"
                    },
                    {
                      "name": "Firebrick",
                      "value": "#B22222"
                    },
                    {
                      "name": "Maroon",
                      "value": "#B03060"
                    },
                    {
                      "name": "Navajo White 4",
                      "value": "#8B795E"
                    },
                    {
                      "name": "Dark Olive Green 4",
                      "value": "#6E8B3D"
                    },
                    {
                      "name": "Red",
                      "value": "#E3000F"
                    },
                    {
                      "name": "Forest Green",
                      "value": "#00923A"
                    },
                    {
                      "name": "Siena",
                      "value": "#EE7200"
                    }
                  ]
                }
              ]
            }
          ]
        },
        {
          "id": "phones",
          "name": "Phone Covers",
          "thumbUrl": "products/iPhone/thumb/phone_cat.jpg",
          "products": [
            {
              "id": "iPhone_5",
              "name": "iPhone 5",
              "description": "raster mask, multicolor (1 colorizable area), no editable area, 2 sizes",
              "categoryId": "phones",
              "multicolor": "true",
              "thumbUrl": "products/iPhone/iPhone - small.png",
              "locations": [
                {
                  "name": "Back",
                  "image": "products/iPhone/bg.svg",
                  "mask": "products/iPhone/iPhone.png"
                }
              ],
              "colors": [
                {
                  "name": "White",
                  "value": "#FFF"
                },
                {
                  "name": "Black",
                  "value": "#000"
                },
                {
                  "name": "Steel Blue",
                  "value": "#4682B4"
                },
                {
                  "name": "Firebrick",
                  "value": "#B22222"
                },
                {
                  "name": "Maroon",
                  "value": "#B03060"
                },
                {
                  "name": "Navajo White 4",
                  "value": "#8B795E"
                },
                {
                  "name": "Dark Olive Green 4",
                  "value": "#6E8B3D"
                },
                {
                  "name": "Red",
                  "value": "#E3000F"
                },
                {
                  "name": "Forest Green",
                  "value": "#00923A"
                },
                {
                  "name": "Siena",
                  "value": "#EE7200"
                }
              ],
              "colorizableElements": [
                {
                  "name": "Fill",
                  "id": ".background.fill"
                }
              ],
              "sizes": [ "iPhone 5", "iPhone 4" ]
            },
            {
              "id": "samsungSGS4CS",
              "name": "Samsung",
              "categoryId": "phones",
              "multicolor": true,
              "thumbUrl": "products/iPhone/SGS4CS-small.png",
              "locations": [
                {
                  "name": "Back",
                  "mask": "products/iPhone/SGS4CS.png",
                  "image": "products/iPhone/bg.svg"
                }
              ],
              "colors": [
                {
                  "name": "Canary",
                  "value": "#ffff99"
                },
                {
                  "name": "Charcoal",
                  "value": "#36454f"
                },
                {
                  "name": "Very soft orange",
                  "value": "#fabfa5"
                },
                {
                  "name": "Moderate cyan",
                  "value": "#48bfa3"
                },
                {
                  "name": "Soft green",
                  "value": "#c6dd75"
                },
                {
                  "name": "Soft blue",
                  "value": "#7592dd"
                }
              ],
              "colorizableElements": [
                {
                  "name": "Fill",
                  "id": ".background.fill"
                }
              ]
            }
          ]
        }
      ]
    },
    {
      "id": "r3",
      "name": "Paper",
	  "thumbUrl": "products/stationary/thumb/a4.jpg",
      "categories": [
        {
          "id": "4",
          "name": "Signs/Decals",
          "thumbUrl": "products/signs/thumb/sign_cat.jpg",
          "products": [
            {
              "id": "41",
              "name": "Standard sign",
              "categoryId": "4",
              "multicolor": true,
              "resizable": true,
              "minQuantity": 3,
              "showRuler": true,
              "thumbUrl": "products/signs/thumb/stand_sign.jpg",
              "locations": [
                {
                  "name": "Front",
                  "image": "products/signs/standard_sign.svg",
                  "editableAreaUnits": [
                    400,
                    300
                  ],
                  "editableAreaUnitsRange": [
                    [ 10, 800 ],
                    [ 10, 500 ]
                  ],
                  "editableAreaUnitsRestrictRotation": false
                }
              ],
              "colorizableElements": [
                {
                  "name": "Color",
                  "id": ".bg.fill",
                  "colors": [
                    {
                      "name": "White",
                      "value": "#FFFFFF"
                    },
                    {
                      "name": "Black",
                      "value": "#000"
                    },
                    {
                      "name": "Steel Blue",
                      "value": "#4682B4"
                    },
                    {
                      "name": "Firebrick",
                      "value": "#B22222"
                    },
                    {
                      "name": "Maroon",
                      "value": "#B03060"
                    },
                    {
                      "name": "Navajo White 4",
                      "value": "#8B795E"
                    },
                    {
                      "name": "Dark Olive Green 4",
                      "value": "#6E8B3D"
                    },
                    {
                      "name": "Red",
                      "value": "#E3000F"
                    },
                    {
                      "name": "Forest Green",
                      "value": "#00923A"
                    },
                    {
                      "name": "Siena",
                      "value": "#EE7200"
                    }
                  ]
                }
              ]
            },
            {
              "id": "42",
              "name": "Bumper Sticker",
              "categoryId": "4",
              "multicolor": true,
              "resizable": true,
              "editableAreaSizes": [
                {
                  "label": "3x10in",
                  "width": 3,
                  "height": 10
                },
                {
                  "label": "4x4in",
                  "width": 4,
                  "height": 4
                }
              ],
              "thumbUrl": "products/signs/thumb/bumper.png",
              "locations": [
                {
                  "name": "Front",
                  "image": "products/signs/bumper_sticker.svg"
                }
              ],
              "colorizableElements": [
                {
                  "name": "Color",
                  "id": ".bg.fill",
                  "colors": [
                    {
                      "name": "White",
                      "value": "#FFFFFF"
                    },
                    {
                      "name": "Black",
                      "value": "#000"
                    },
                    {
                      "name": "Steel Blue",
                      "value": "#4682B4"
                    },
                    {
                      "name": "Firebrick",
                      "value": "#B22222"
                    },
                    {
                      "name": "Maroon",
                      "value": "#B03060"
                    },
                    {
                      "name": "Navajo White 4",
                      "value": "#8B795E"
                    },
                    {
                      "name": "Dark Olive Green 4",
                      "value": "#6E8B3D"
                    },
                    {
                      "name": "Red",
                      "value": "#E3000F"
                    },
                    {
                      "name": "Forest Green",
                      "value": "#00923A"
                    },
                    {
                      "name": "Siena",
                      "value": "#EE7200"
                    }
                  ]
                }
              ]
            },
            {
              "id": "43",
              "name": "Truck Magnet (12x24in)",
              "categoryId": "4",
              "multicolor": true,
              "thumbUrl": "products/signs/thumb/truck_magnet.png",
              "locations": [
                {
                  "name": "Front",
                  "image": "products/signs/truck_magnet.svg",
                  "mask": "products/signs/truck_magnet_mask.svg"
                }
              ],
              "colorizableElements": [
                {
                  "name": "Color",
                  "id": ".bg.fill",
                  "colors": [
                    {
                      "name": "White",
                      "value": "#FFFFFF"
                    },
                    {
                      "name": "Black",
                      "value": "#000"
                    },
                    {
                      "name": "Steel Blue",
                      "value": "#4682B4"
                    },
                    {
                      "name": "Firebrick",
                      "value": "#B22222"
                    },
                    {
                      "name": "Maroon",
                      "value": "#B03060"
                    },
                    {
                      "name": "Navajo White",
                      "value": "#8B795E"
                    },
                    {
                      "name": "Dark Olive Green",
                      "value": "#6E8B3D"
                    },
                    {
                      "name": "Red",
                      "value": "#E3000F"
                    },
                    {
                      "name": "Forest Green",
                      "value": "#00923A"
                    },
                    {
                      "name": "Siena",
                      "value": "#EE7200"
                    }
                  ]
                }
              ]
            },
            {
              "id": "44",
              "name": "Car Magnet (12x18in)",
              "categoryId": "4",
              "multicolor": true,
              "thumbUrl": "products/signs/thumb/car_magnet.png",
              "locations": [
                {
                  "name": "Front",
                  "image": "products/signs/car_magnet.svg"
                }
              ],
              "colorizableElements": [
                {
                  "name": "Color",
                  "id": ".bg.fill",
                  "colors": [
                    {
                      "name": "White",
                      "value": "#FFFFFF"
                    },
                    {
                      "name": "Black",
                      "value": "#000"
                    },
                    {
                      "name": "Steel Blue",
                      "value": "#4682B4"
                    },
                    {
                      "name": "Firebrick",
                      "value": "#B22222"
                    },
                    {
                      "name": "Maroon",
                      "value": "#B03060"
                    },
                    {
                      "name": "Navajo White",
                      "value": "#8B795E"
                    },
                    {
                      "name": "Dark Olive Green",
                      "value": "#6E8B3D"
                    },
                    {
                      "name": "Red",
                      "value": "#E3000F"
                    },
                    {
                      "name": "Forest Green",
                      "value": "#00923A"
                    },
                    {
                      "name": "Siena",
                      "value": "#EE7200"
                    }
                  ]
                }
              ]
            }
          ]
        },
        {
          "id": "5",
          "name": "Stationery",
          "thumbUrl": "products/stationary/thumb/stationary_cat.jpg",
          "products": [
            {
              "id": "51",
              "name": "A4",
              "categoryId": "5",
              "showRuler": true,
              "hideEditableAreaBorder": true,
              "thumbUrl": "products/stationary/thumb/a4.jpg",
              "locations": [
                {
                  "name": "Front",
                  "image": "products/stationary/a4.svg",
                  "editableArea": [
                    101,
                    0,
                    485,
                    543
                  ],
                  "editableAreaUnits": [
                    8.5,
                    11
                  ],
                  "clipRect": [ 101, 0, 485, 543 ]
                },
                {
                  "name": "Back",
                  "image": "products/stationary/a4.svg",
                  "editableArea": [
                    101,
                    0,
                    485,
                    543
                  ],
                  "editableAreaUnits": [
                    8.5,
                    11
                  ]
                }
              ]
            },
            {
              "id": "52",
              "name": "Business Card",
              "categoryId": "5",
              "multicolor": true,
              "showRuler": true,
              "hideEditableAreaBorder": true,
              "thumbUrl": "products/stationary/thumb/b_card.jpg",
              "locations": [
                {
                  "name": "Front",
                  "image": "products/stationary/business_card.svg",
                  "editableArea": [
                    0,
                    95.401,
                    587,
                    447.601
                  ],
                  "editableAreaUnits": [
                    3.5,
                    2.1
                  ],
                  "clipRect": [ 0, 95.401, 587, 447.601 ]
                },
                {
                  "name": "Back",
                  "image": "products/stationary/business_card.svg",
                  "editableArea": [
                    0,
                    95.401,
                    587,
                    447.601
                  ],
                  "editableAreaUnits": [
                    3.5,
                    2.1
                  ]
                }
              ],
              "colorizableElements": [
                {
                  "name": "Color",
                  "id": ".bg.fill",
                  "colors": [
                    {
                      "name": "White",
                      "value": "#FFFFFF"
                    },
                    {
                      "name": "Black",
                      "value": "#000"
                    },
                    {
                      "name": "Steel Blue",
                      "value": "#4682B4"
                    },
                    {
                      "name": "Firebrick",
                      "value": "#B22222"
                    },
                    {
                      "name": "Maroon",
                      "value": "#B03060"
                    },
                    {
                      "name": "Navajo White 4",
                      "value": "#8B795E"
                    },
                    {
                      "name": "Dark Olive Green 4",
                      "value": "#6E8B3D"
                    },
                    {
                      "name": "Red",
                      "value": "#E3000F"
                    },
                    {
                      "name": "Forest Green",
                      "value": "#00923A"
                    },
                    {
                      "name": "Siena",
                      "value": "#EE7200"
                    }
                  ]
                }
              ]
            }
          ]
        }
      ]
    }
  ]
}