{
    "textEffects": [
		{ "name": "arcUp", "label": "Arc Up", "fxName": "arc", "paramName": "Angle", "paramValName": "a", "min": 10, "max": 360, "step": 10 },
		{ "name": "arcDown", "label": "Arc Down", "fxName": "arc", "paramName": "Angle", "paramValName": "a", "min": -10, "max": -360, "step": 10 },
        { "name": "archUp", "label": "Arch Up", "fxName": "arch", "paramName": "Distort", "paramValName": "d", "min": 0.1, "max": 1, "step": 0.1 },
        { "name": "archDown", "label": "Arch Down", "fxName": "arch", "paramName": "Distort", "paramValName": "d", "min": -0.1, "max": -1, "step": 0.1 },
        { "name": "inflate", "label": "Inflate", "paramName": "Distort", "paramValName": "d", "min": 0.1, "max": 1, "step": 0.1 },
        { "name": "perspective", "label": "Perspective", "paramName": "Distort", "paramValName": "d", "min": 0.1, "max": 1, "step": 0.1 },
        { "name": "wave", "label": "Wave", "paramName": "Distort", "paramValName": "d", "min": 0.1, "max": 1, "step": 0.1 },
		{ "name": "simpleWave", "label": "Simple Wave", "paramName": "Wave", "paramValName": "d", "min": 0.1, "max": 1, "step": 0.1 }
    ]
}