{"data":{"product":{"id":"12","name":"Cap","template":"","productColors":[{"id":".bg.fill","name":"Black","value":"#000000"}],"color":"#000000","colorName":"Black","size":{"width":0,"height":0}},"locations":[{"name":"Front","editableArea":"0 0 587 543","svg":"<?xml version=\"1.0\" encoding=\"UTF-8\" standalone=\"no\"?><svg height=\"543\" version=\"1.1\" width=\"587\" xmlns=\"http://www.w3.org/2000/svg\" xmlns:xlink=\"http://www.w3.org/1999/xlink\" style=\"overflow: hidden; position: absolute; left: -0.5px;\" xml:space=\"preserve\" viewBox=\"0 0 587 543\" preserveAspectRatio=\"xMidYMid meet\" preserveaspectratio=\"xMinYMin meet\"><desc>Created with LiveArt HTML5</desc><defs><link xmlns=\"http://www.w3.org/1999/xhtml\" href=\"http://hive.liveartdesigner.com/~quiller/LAJS/fonts/fonts.css\" type=\"text/css\" rel=\"stylesheet\"/><clipPath id=\"C6E86631-855D-4E62-90CA-9ECA3DCB8C29\"><rect x=\"0\" y=\"0\" width=\"587\" height=\"543\" transform=\"matrix(1,0,0,1,-293.35833358765,-271.5)\"></rect></clipPath><clipPath id=\"88397F41-C2E6-44A8-B0C2-EE15E72F00AE\"><rect x=\"0\" y=\"0\" width=\"587\" height=\"543\" transform=\"matrix(1,0,0,1,-293.35833358765,-271.5)\"></rect></clipPath><clipPath id=\"8AEFAEC2-F1C8-456F-91EA-E995F73BFF0D\"><rect x=\"0\" y=\"0\" width=\"587\" height=\"543\" transform=\"matrix(1,0,0,1,0,0)\"></rect></clipPath><clipPath id=\"2E61703A-4592-479A-9AED-39C1CF81E062\"><rect x=\"0\" y=\"0\" width=\"587\" height=\"543\" transform=\"matrix(1,0,0,1,0,0)\"></rect></clipPath><clipPath id=\"6173C791-D0AA-49C0-9391-CF2EBBFC67DA\"><rect x=\"0\" y=\"0\" width=\"587\" height=\"543\" transform=\"matrix(1,0,0,1,0,0)\"></rect></clipPath><clipPath id=\"669A8F37-B123-4265-A0B4-682539A1257D\"><rect x=\"0\" y=\"0\" width=\"587\" height=\"543\" transform=\"matrix(1,0,0,1,0,0)\"></rect></clipPath><clipPath id=\"BC3418B1-926D-4B24-9F72-490F0CB3C37D\"><rect x=\"0\" y=\"0\" width=\"587\" height=\"543\" transform=\"matrix(1,0,0,1,0,0)\"></rect></clipPath><clipPath id=\"A26F5B6A-E5CE-43ED-A2E3-FBA448769281\"><rect x=\"0\" y=\"0\" width=\"587\" height=\"543\" transform=\"matrix(1,0,0,1,0,0)\"></rect></clipPath><clipPath id=\"A0DD67CE-8FD7-40AC-AC14-56F7A6B98799\"><rect x=\"0\" y=\"0\" width=\"587\" height=\"543\" transform=\"matrix(1,0,0,1,0,0)\"></rect></clipPath><clipPath id=\"970F459A-439F-4E09-A4E0-A06CC816AE8D\"><rect x=\"0\" y=\"0\" width=\"587\" height=\"543\" transform=\"matrix(1,0,0,1,0,0)\"></rect></clipPath><clipPath id=\"8D4E760D-99B6-44D1-87D2-70C9C8886E39\"><rect x=\"0\" y=\"0\" width=\"587\" height=\"543\" transform=\"matrix(1,0,0,1,0,0)\"></rect></clipPath><clipPath id=\"B96F8A01-7EB5-45FB-A61B-D18E2F123C72\"><rect x=\"0\" y=\"0\" width=\"587\" height=\"543\" transform=\"matrix(1,0,0,1,0,0)\"></rect></clipPath><clipPath id=\"92E4D73A-38B6-4603-B215-28DAB50A1CD4\"><rect x=\"0\" y=\"0\" width=\"587\" height=\"543\" transform=\"matrix(1,0,0,1,0,0)\"></rect></clipPath><clipPath id=\"48242E08-F2C8-46B4-988A-2DFB1C171280\"><rect x=\"0\" y=\"0\" width=\"587\" height=\"543\" transform=\"matrix(1,0,0,1,0,0)\"></rect></clipPath><clipPath id=\"12365939-FEFF-487B-82C8-CFFA2AE51EA9\"><rect x=\"0\" y=\"0\" width=\"587\" height=\"543\" transform=\"matrix(1,0,0,1,0,0)\"></rect></clipPath><clipPath id=\"61FC6EA1-6F7A-408F-A4EB-1D31DADAA37D\"><rect x=\"0\" y=\"0\" width=\"587\" height=\"543\" transform=\"matrix(1,0,0,1,0,0)\"></rect></clipPath><clipPath id=\"04B219D8-06E9-4F95-9688-BAD393976149\"><rect x=\"0\" y=\"0\" width=\"587\" height=\"543\" transform=\"matrix(1,0,0,1,0,0)\"></rect></clipPath><clipPath id=\"4204F981-40D5-497F-86D4-C1AC60AA2CAF\"><rect x=\"0\" y=\"0\" width=\"587\" height=\"543\" transform=\"matrix(1,0,0,1,0,0)\"></rect></clipPath><clipPath id=\"8A48FB53-D280-419E-BF57-68CD6237E9D5\"><rect x=\"0\" y=\"0\" width=\"587\" height=\"543\" transform=\"matrix(1,0,0,1,0,0)\"></rect></clipPath><clipPath id=\"08000196-2B82-4215-A008-A6C0A064ECF6\"><rect x=\"0\" y=\"0\" width=\"587\" height=\"543\" transform=\"matrix(1,0,0,1,0,0)\"></rect></clipPath><clipPath id=\"A935D056-4385-497D-8DEB-713B286D4B2D\"><rect x=\"0\" y=\"0\" width=\"587\" height=\"543\" transform=\"matrix(1,0,0,1,0,0)\"></rect></clipPath><clipPath id=\"793C8B22-BC3D-41A1-9DCE-0A5AC7721C4D\"><rect x=\"0\" y=\"0\" width=\"587\" height=\"543\" transform=\"matrix(1,0,0,1,0,0)\"></rect></clipPath><clipPath id=\"9A6383DB-BBC5-4BCF-996E-41DEA8D57A8A\"><rect x=\"0\" y=\"0\" width=\"587\" height=\"543\" transform=\"matrix(1,0,0,1,0,0)\"></rect></clipPath><clipPath id=\"09D09EA7-7C38-4074-A598-7A08807B95D8\"><rect x=\"0\" y=\"0\" width=\"587\" height=\"543\" transform=\"matrix(1,0,0,1,0,0)\"></rect></clipPath><clipPath id=\"9466CCFF-91C3-4BC5-89D5-FB6F92901B3E\"><rect x=\"0\" y=\"0\" width=\"587\" height=\"543\" transform=\"matrix(1,0,0,1,0,0)\"></rect></clipPath><clipPath id=\"A67B7BD7-A025-49EC-B8C5-48D0630DE3DD\"><rect x=\"0\" y=\"0\" width=\"587\" height=\"543\" transform=\"matrix(1,0,0,1,0,0)\"></rect></clipPath><clipPath id=\"BCC08FE3-CCEB-4B0E-9983-58261F1EBBC1\"><rect x=\"0\" y=\"0\" width=\"587\" height=\"543\" transform=\"matrix(1,0,0,1,0,0)\"></rect></clipPath><g version=\"1.1\" id=\"id991528105005584\" xmlns=\"http://www.w3.org/2000/svg\" xmlns:xlink=\"http://www.w3.org/1999/xlink\" x=\"0px\" y=\"0px\" width=\"587px\" height=\"543px\" viewBox=\"0 0 587 543\" xml:space=\"preserve\">\n\t <style type=\"text/css\">.bg {fill:#000000;} </style>\n\t<rect class=\"bg\" x=\"0\" y=\"0\" width=\"587\" height=\"543\"></rect>\n</g></defs><use x=\"0\" y=\"0\" width=\"587\" height=\"543\" preserveAspectRatio=\"none\" xlink:href=\"#id991528105005584\" transform=\"matrix(1,0,0,1,0,0)\" id=\"productImage\" laservice=\"true\" style=\"\"></use><text style=\"text-anchor: middle; font: 32px Action Man; cursor: pointer;\" x=\"0\" y=\"0\" text-anchor=\"middle\" stroke=\"none\" fill=\"#ffffff\" la-user-fixed=\"true\" letter-spacing=\"0\" transform=\"matrix(1,0,0,1,293.35833358765,271.5)\" font-size=\"32px\" font-weight=\"normal\" font-style=\"normal\" font-family=\"Action Man\" stroke-width=\"1\" line-leading=\"1.2\" ldy=\"13\" id=\"id611528105005037\" clip-path=\"url(#88397F41-C2E6-44A8-B0C2-EE15E72F00AE)\"><tspan dy=\"13\">darius</tspan></text><path style=\"\" fill=\"#cc0000\" stroke=\"none\" d=\"M470,0L532,0L587,55L587,117Z\" id=\"id131528105005058\" stroke-width=\"1\" clip-path=\"url(#8AEFAEC2-F1C8-456F-91EA-E995F73BFF0D)\"></path><path style=\"\" fill=\"#ffffff\" stroke=\"none\" d=\"M504.561,13.174L510.30899999999997,7.425L508.241,5.356999999999999L509.567,4.030999999999999L515.21,9.674L513.883,11L511.82500000000005,8.942L506.07700000000006,14.690999999999999L504.561,13.174Z\" id=\"id161528105005062\" stroke-width=\"1\" clip-path=\"url(#2E61703A-4592-479A-9AED-39C1CF81E062)\"></path><path style=\"\" fill=\"#ffffff\" stroke=\"none\" d=\"M513.099,21.712L514.2230000000001,17.809L513.1200000000001,16.706L510.6060000000001,19.22L509.10000000000014,17.714L516.1740000000001,10.639L519.4830000000001,13.948C520.9580000000001,15.423,520.9040000000001,17.3,519.589,18.615000000000002C518.3480000000001,19.856,516.873,19.739,515.9290000000001,19.156000000000002L514.8370000000001,23.452L513.099,21.712ZM518.052,17.056C518.635,16.473000000000003,518.539,15.656,517.946,15.062000000000001L516.355,13.471000000000002L514.446,15.380000000000003L516.037,16.971000000000004C516.63,17.564,517.447,17.66,518.052,17.056Z\" id=\"id081528105005069\" stroke-width=\"1\" clip-path=\"url(#6173C791-D0AA-49C0-9391-CF2EBBFC67DA)\"></path><path style=\"\" fill=\"#ffffff\" stroke=\"none\" d=\"M515.921,24.534L522.995,17.459L524.501,18.965L517.427,26.04L515.921,24.534Z\" id=\"id591528105005079\" stroke-width=\"1\" clip-path=\"url(#669A8F37-B123-4265-A0B4-682539A1257D)\"></path><path style=\"\" fill=\"#ffffff\" stroke=\"none\" d=\"M523.716,32.329L524.469,30.685000000000002L521.436,27.652L519.791,28.404L518.0840000000001,26.697L527.884,22.348L529.772,24.235999999999997L525.423,34.036L523.716,32.329ZM527.322,24.799L523.176,26.74L525.3810000000001,28.945L527.322,24.799Z\" id=\"id811528105005082\" stroke-width=\"1\" clip-path=\"url(#BC3418B1-926D-4B24-9F72-490F0CB3C37D)\"></path><path style=\"\" fill=\"#ffffff\" stroke=\"none\" d=\"M526.018,34.631L533.092,27.556L534.609,29.073L528.86,34.822L531.85,37.812000000000005L530.525,39.138000000000005L526.018,34.631Z\" id=\"id711528105005089\" stroke-width=\"1\" clip-path=\"url(#A26F5B6A-E5CE-43ED-A2E3-FBA448769281)\"></path><path style=\"\" fill=\"#ffffff\" stroke=\"none\" d=\"M536.624,45.237L540.803,35.267L541.503,35.967000000000006L537.6850000000001,44.940000000000005L546.647,41.111000000000004L547.3470000000001,41.81100000000001L537.3770000000001,45.99000000000001L536.624,45.237Z\" id=\"id841528105005091\" stroke-width=\"1\" clip-path=\"url(#A0DD67CE-8FD7-40AC-AC14-56F7A6B98799)\"></path><path style=\"\" fill=\"#ffffff\" stroke=\"none\" d=\"M541.313,49.926L548.387,42.851L552.8729999999999,47.336999999999996L552.3209999999999,47.888999999999996L548.439,44.007L545.819,46.626999999999995L549.627,50.434999999999995L549.0759999999999,50.986999999999995L545.2679999999999,47.178999999999995L542.4669999999999,49.97899999999999L546.3489999999998,53.86099999999999L545.7979999999998,54.41299999999999L541.313,49.926Z\" id=\"id501528105005093\" stroke-width=\"1\" clip-path=\"url(#970F459A-439F-4E09-A4E0-A06CC816AE8D)\"></path><path style=\"\" fill=\"#ffffff\" stroke=\"none\" d=\"M551.441,60.055L552.384,55.144L550.8240000000001,53.583999999999996L547.897,56.51199999999999L547.293,55.907999999999994L554.367,48.83299999999999L557.0079999999999,51.47399999999999C558.228,52.69399999999999,558.386,54.40099999999999,557.0919999999999,55.69499999999999C555.8089999999999,56.977999999999994,554.1959999999999,56.788,553.0939999999998,55.769999999999996L552.1709999999998,60.787L551.441,60.055ZM556.458,55.059C557.3489999999999,54.168,557.3489999999999,52.916,556.405,51.973L554.4209999999999,49.989L551.377,53.032999999999994L553.361,55.016999999999996C554.305,55.96,555.567,55.95,556.458,55.059Z\" id=\"id081528105005099\" stroke-width=\"1\" clip-path=\"url(#8D4E760D-99B6-44D1-87D2-70C9C8886E39)\"></path><path style=\"\" fill=\"#ffffff\" stroke=\"none\" d=\"M554.199,60.818L555.0469999999999,60.754C554.983,61.73,555.2159999999999,62.980999999999995,556.2349999999999,64C557.6769999999999,65.442,558.8979999999999,65.05,559.5029999999999,64.446C561.5809999999999,62.367,556.2579999999999,59.207,558.7289999999999,56.736C559.8849999999999,55.58,561.656,55.887,562.939,57.169999999999995C563.9889999999999,58.21999999999999,564.424,59.397999999999996,564.3389999999999,60.565L563.4899999999999,60.607C563.5959999999999,59.483,563.1509999999998,58.485,562.3559999999999,57.69C561.4119999999999,56.745999999999995,560.1599999999999,56.576,559.3959999999998,57.339C557.5819999999999,59.152,562.8209999999998,62.397999999999996,560.1799999999998,65.039C559.2679999999998,65.95100000000001,557.5719999999999,66.44,555.6609999999998,64.53C554.495,63.363,554.092,62.005,554.199,60.818Z\" id=\"id421528105005108\" stroke-width=\"1\" clip-path=\"url(#B96F8A01-7EB5-45FB-A61B-D18E2F123C72)\"></path><path style=\"\" fill=\"#ffffff\" stroke=\"none\" d=\"M559.757,68.37L566.8309999999999,61.295L567.435,61.899L560.361,68.974L559.757,68.37Z\" id=\"id261528105005116\" stroke-width=\"1\" clip-path=\"url(#92E4D73A-38B6-4603-B215-28DAB50A1CD4)\"></path><path style=\"\" fill=\"#ffffff\" stroke=\"none\" d=\"M565.389,66.938C567.457,64.87,570.4060000000001,64.636,572.484,66.714C574.552,68.782,574.331,71.743,572.2620000000001,73.81099999999999C570.195,75.87899999999999,567.234,76.101,565.1650000000001,74.03299999999999C563.087,71.955,563.321,69.007,565.389,66.938ZM571.625,73.175C573.418,71.383,573.63,68.964,571.933,67.267C570.226,65.56,567.818,65.782,566.025,67.575C564.244,69.357,564.01,71.776,565.717,73.483C567.414,75.179,569.844,74.957,571.625,73.175Z\" id=\"id211528105005122\" stroke-width=\"1\" clip-path=\"url(#48242E08-F2C8-46B4-988A-2DFB1C171280)\"></path><path style=\"\" fill=\"#ffffff\" stroke=\"none\" d=\"M575.284,83.897L576.906,73.364L570.829,79.44200000000001L570.2249999999999,78.83800000000001L577.2989999999999,71.763L577.9139999999999,72.378L576.3549999999999,82.804L582.3469999999999,76.811L582.9509999999999,77.415L575.877,84.49000000000001L575.284,83.897Z\" id=\"id721528105005130\" stroke-width=\"1\" clip-path=\"url(#12365939-FEFF-487B-82C8-CFFA2AE51EA9)\"></path><path style=\"opacity: 0.15;\" fill=\"#000000\" stroke=\"none\" d=\"M88.701,103.649L125.01499999999999,67.33500000000001L132.79999999999998,75.12L103.29099999999998,104.629L118.64399999999998,119.982L111.83799999999998,126.788L88.701,103.649Z\" opacity=\"0.15\" id=\"id291528105005134\" stroke-width=\"1\" clip-path=\"url(#61FC6EA1-6F7A-408F-A4EB-1D31DADAA37D)\"></path><path style=\"opacity: 0.15;\" fill=\"#000000\" stroke=\"none\" d=\"M117.068,132.016L153.382,95.702L161.112,103.432L124.798,139.746L117.068,132.016Z\" opacity=\"0.15\" id=\"id901528105005137\" stroke-width=\"1\" clip-path=\"url(#04B219D8-06E9-4F95-9688-BAD393976149)\"></path><path style=\"opacity: 0.15;\" fill=\"#000000\" stroke=\"none\" d=\"M142.167,157.114L164.49,106.808L173.255,115.57300000000001L155.453,153.522L193.4,135.718L202.16500000000002,144.483L151.85900000000004,166.806L142.167,157.114Z\" opacity=\"0.15\" id=\"id771528105005140\" stroke-width=\"1\" clip-path=\"url(#4204F981-40D5-497F-86D4-C1AC60AA2CAF)\"></path><path style=\"opacity: 0.15;\" fill=\"#000000\" stroke=\"none\" d=\"M169.227,184.175L205.541,147.86100000000002L231.238,173.55800000000002L224.432,180.36400000000003L206.46499999999997,162.39700000000005L198.84299999999996,170.01900000000006L216.42899999999997,187.60500000000008L209.62299999999996,194.4110000000001L192.03699999999998,176.8250000000001L183.76199999999997,185.1000000000001L201.72899999999998,203.06700000000012L194.92299999999997,209.87300000000013L169.227,184.175Z\" opacity=\"0.15\" id=\"id171528105005145\" stroke-width=\"1\" clip-path=\"url(#8A48FB53-D280-419E-BF57-68CD6237E9D5)\"></path><path style=\"opacity: 0.15;\" fill=\"#000000\" stroke=\"none\" d=\"M226.068,241.016L229.93300000000002,232.577L214.36200000000002,217.006L205.92300000000003,220.871L197.15800000000002,212.106L247.464,189.783L257.156,199.475L234.834,249.781L226.068,241.016ZM244.58,202.36L223.292,212.323L234.616,223.64700000000002L244.58,202.36Z\" opacity=\"0.15\" id=\"id411528105005151\" stroke-width=\"1\" clip-path=\"url(#08000196-2B82-4215-A008-A6C0A064ECF6)\"></path><path style=\"opacity: 0.15;\" fill=\"#000000\" stroke=\"none\" d=\"M258.736,273.684L264.507,253.64800000000002L258.845,247.98700000000002L245.94200000000004,260.89000000000004L238.21100000000004,253.15900000000005L274.52600000000007,216.84500000000006L291.51200000000006,233.83200000000005C299.07900000000006,241.39900000000006,298.80800000000005,251.03700000000003,292.0570000000001,257.78800000000007C285.68700000000007,264.1580000000001,278.1190000000001,263.5590000000001,273.27400000000006,260.5640000000001L267.6650000000001,282.6140000000001L258.736,273.684ZM284.162,249.782C287.156,246.788,286.666,242.595,283.61699999999996,239.54700000000003L275.45099999999996,231.38100000000003L265.65099999999995,241.18100000000004L273.8179999999999,249.34700000000004C276.866,252.396,281.059,252.886,284.162,249.782Z\" opacity=\"0.15\" id=\"id221528105005153\" stroke-width=\"1\" clip-path=\"url(#A935D056-4385-497D-8DEB-713B286D4B2D)\"></path><path style=\"opacity: 0.15;\" fill=\"#000000\" stroke=\"none\" d=\"M281.061,296.008L310.57,266.49899999999997L299.953,255.88199999999998L306.75899999999996,249.07599999999996L335.72399999999993,278.04099999999994L328.91799999999995,284.8469999999999L318.35499999999996,274.28399999999993L288.84599999999995,303.79299999999995L281.061,296.008Z\" opacity=\"0.15\" id=\"id231528105005169\" stroke-width=\"1\" clip-path=\"url(#793C8B22-BC3D-41A1-9DCE-0A5AC7721C4D)\"></path><path style=\"opacity: 0.15;\" fill=\"#000000\" stroke=\"none\" d=\"M331.422,346.369L348.68100000000004,329.11L325.65100000000007,306.08000000000004L308.39200000000005,323.33900000000006L305.28800000000007,320.23500000000007L341.6020000000001,283.92100000000005L344.7060000000001,287.02500000000003L328.48100000000005,303.25000000000006L351.5110000000001,326.2800000000001L367.7360000000001,310.05500000000006L370.8400000000001,313.15900000000005L334.52600000000007,349.47300000000007L331.422,346.369Z\" opacity=\"0.15\" id=\"id251528105005173\" stroke-width=\"1\" clip-path=\"url(#9A6383DB-BBC5-4BCF-996E-41DEA8D57A8A)\"></path><path style=\"opacity: 0.15;\" fill=\"#000000\" stroke=\"none\" d=\"M352.819,367.767L386.302,334.284L374.434,322.416L377.26500000000004,319.585L404.16,346.47999999999996L401.329,349.311L389.46,337.44L355.977,370.923L352.819,367.767Z\" opacity=\"0.15\" id=\"id721528105005176\" stroke-width=\"1\" clip-path=\"url(#09D09EA7-7C38-4074-A598-7A08807B95D8)\"></path><path style=\"opacity: 0.15;\" fill=\"#000000\" stroke=\"none\" d=\"M405.088,420.035L437.483,387.64000000000004L391.858,406.80400000000003L390.661,405.607L409.77,359.927L377.375,392.322L374.272,389.219L410.586,352.905L415.214,357.53299999999996L397.356,400.10799999999995L439.877,382.19599999999997L444.56,386.87899999999996L408.246,423.193L405.088,420.035Z\" opacity=\"0.15\" id=\"id181528105005179\" stroke-width=\"1\" clip-path=\"url(#9466CCFF-91C3-4BC5-89D5-FB6F92901B3E)\"></path><path style=\"opacity: 0.15;\" fill=\"#000000\" stroke=\"none\" d=\"M416.523,431.471L452.83700000000005,395.157L455.994,398.31399999999996L422.511,431.79699999999997L440.09700000000004,449.383L437.266,452.214L416.523,431.471Z\" opacity=\"0.15\" id=\"id401528105005182\" stroke-width=\"1\" clip-path=\"url(#A67B7BD7-A025-49EC-B8C5-48D0630DE3DD)\"></path><path style=\"opacity: 0.15;\" fill=\"#000000\" stroke=\"none\" d=\"M448.429,452.813H452.566C451.587,458.47499999999997,452.89399999999995,463.485,457.57599999999996,468.167C462.85699999999997,473.448,470.479,473.44699999999995,475.433,468.493C480.932,462.99399999999997,480.496,455.808,475.27,450.582C471.94899999999996,447.26099999999997,468.029,445.519,462.912,445.3L461.551,441.98L480.60699999999997,422.92400000000004L501.568,443.88500000000005L498.73699999999997,446.71600000000007L480.88,428.85900000000004L466.67,443.069C470.208,443.123,474.944,444.593,478.701,448.35C484.79900000000004,454.44800000000004,486.269,463.975,478.702,471.54200000000003C471.461,478.783,461.442,477.694,454.746,470.99800000000005C448.701,464.955,447.339,458.911,448.429,452.813Z\" opacity=\"0.15\" id=\"id331528105005185\" stroke-width=\"1\" clip-path=\"url(#BCC08FE3-CCEB-4B0E-9983-58261F1EBBC1)\"></path><image x=\"0\" y=\"0\" width=\"587\" height=\"543\" preserveAspectRatio=\"none\" xlink:href=\"products/cap/cap.png\" id=\"productMask\" laservice=\"true\" style=\"\" stroke-width=\"1\"></image><g id=\"Layer\">\t<polygon fill=\"#CC0000\" points=\"470,0 532,0 587,55 587,117 \t\"></polygon>\t<g>\t\t<path fill=\"#FFFFFF\" d=\"M504.561,13.174l5.748-5.749l-2.068-2.068l1.326-1.326l5.643,5.643L513.883,11l-2.058-2.058l-5.748,5.749\t\t\tL504.561,13.174z\"></path>\t\t<path fill=\"#FFFFFF\" d=\"M513.099,21.712l1.124-3.903l-1.103-1.103l-2.514,2.514l-1.506-1.506l7.074-7.075l3.309,3.309\t\t\tc1.475,1.475,1.421,3.352,0.106,4.667c-1.241,1.241-2.716,1.124-3.66,0.541l-1.092,4.296L513.099,21.712z M518.052,17.056\t\t\tc0.583-0.583,0.487-1.4-0.106-1.994l-1.591-1.591l-1.909,1.909l1.591,1.591C516.63,17.564,517.447,17.66,518.052,17.056z\"></path>\t\t<path fill=\"#FFFFFF\" d=\"M515.921,24.534l7.074-7.075l1.506,1.506l-7.074,7.075L515.921,24.534z\"></path>\t\t<path fill=\"#FFFFFF\" d=\"M523.716,32.329l0.753-1.644l-3.033-3.033l-1.645,0.752l-1.707-1.707l9.8-4.349l1.888,1.888l-4.349,9.8\t\t\tL523.716,32.329z M527.322,24.799l-4.146,1.941l2.205,2.205L527.322,24.799z\"></path>\t\t<path fill=\"#FFFFFF\" d=\"M526.018,34.631l7.074-7.075l1.517,1.517l-5.749,5.749l2.99,2.99l-1.325,1.326L526.018,34.631z\"></path>\t\t<path fill=\"#FFFFFF\" d=\"M536.624,45.237l4.179-9.97l0.7,0.7l-3.818,8.973l8.962-3.829l0.7,0.7l-9.97,4.179L536.624,45.237z\"></path>\t\t<path fill=\"#FFFFFF\" d=\"M541.313,49.926l7.074-7.075l4.486,4.486l-0.552,0.552l-3.882-3.882l-2.62,2.62l3.808,3.808l-0.551,0.552\t\t\tl-3.808-3.808l-2.801,2.8l3.882,3.882l-0.551,0.552L541.313,49.926z\"></path>\t\t<path fill=\"#FFFFFF\" d=\"M551.441,60.055l0.943-4.911l-1.56-1.56l-2.927,2.928l-0.604-0.604l7.074-7.075l2.641,2.641\t\t\tc1.22,1.22,1.378,2.927,0.084,4.221c-1.283,1.283-2.896,1.093-3.998,0.075l-0.923,5.017L551.441,60.055z M556.458,55.059\t\t\tc0.891-0.891,0.891-2.143-0.053-3.086l-1.984-1.984l-3.044,3.044l1.984,1.984C554.305,55.96,555.567,55.95,556.458,55.059z\"></path>\t\t<path fill=\"#FFFFFF\" d=\"M554.199,60.818l0.848-0.064c-0.064,0.976,0.169,2.227,1.188,3.246c1.442,1.442,2.663,1.05,3.268,0.446\t\t\tc2.078-2.079-3.245-5.239-0.774-7.71c1.156-1.156,2.927-0.849,4.21,0.434c1.05,1.05,1.485,2.228,1.4,3.395l-0.849,0.042\t\t\tc0.106-1.124-0.339-2.122-1.134-2.917c-0.944-0.944-2.196-1.114-2.96-0.351c-1.814,1.813,3.425,5.059,0.784,7.7\t\t\tc-0.912,0.912-2.608,1.401-4.519-0.509C554.495,63.363,554.092,62.005,554.199,60.818z\"></path>\t\t<path fill=\"#FFFFFF\" d=\"M559.757,68.37l7.074-7.075l0.604,0.604l-7.074,7.075L559.757,68.37z\"></path>\t\t<path fill=\"#FFFFFF\" d=\"M565.389,66.938c2.068-2.068,5.017-2.302,7.095-0.224c2.068,2.068,1.847,5.029-0.222,7.097\t\t\tc-2.067,2.068-5.028,2.29-7.097,0.222C563.087,71.955,563.321,69.007,565.389,66.938z M571.625,73.175\t\t\tc1.793-1.792,2.005-4.211,0.308-5.908c-1.707-1.707-4.115-1.485-5.908,0.308c-1.781,1.782-2.015,4.201-0.308,5.908\t\t\tC567.414,75.179,569.844,74.957,571.625,73.175z\"></path>\t\t<path fill=\"#FFFFFF\" d=\"M575.284,83.897l1.622-10.533l-6.077,6.078l-0.604-0.604l7.074-7.075l0.615,0.615l-1.559,10.426\t\t\tl5.992-5.993l0.604,0.604l-7.074,7.075L575.284,83.897z\"></path>\t</g>\t<g opacity=\"0.15\">\t\t<path d=\"M88.701,103.649l36.314-36.314l7.785,7.785l-29.509,29.509l15.353,15.353l-6.806,6.806L88.701,103.649z\"></path>\t\t<path d=\"M117.068,132.016l36.314-36.314l7.73,7.73l-36.314,36.314L117.068,132.016z\"></path>\t\t<path d=\"M142.167,157.114l22.323-50.306l8.765,8.765l-17.802,37.949l37.947-17.804l8.765,8.765l-50.306,22.323L142.167,157.114z\"></path>\t\t<path d=\"M169.227,184.175l36.314-36.314l25.697,25.697l-6.806,6.806l-17.967-17.967l-7.622,7.622l17.586,17.586l-6.806,6.806\t\t\tl-17.586-17.586l-8.275,8.275l17.967,17.967l-6.806,6.806L169.227,184.175z\"></path>\t\t<path d=\"M226.068,241.016l3.865-8.439l-15.571-15.571l-8.439,3.865l-8.765-8.765l50.306-22.323l9.692,9.692l-22.322,50.306\t\t\tL226.068,241.016z M244.58,202.36l-21.288,9.963l11.324,11.324L244.58,202.36z\"></path>\t\t<path d=\"M258.736,273.684l5.771-20.036l-5.662-5.661l-12.903,12.903l-7.731-7.731l36.315-36.314l16.986,16.987\t\t\tc7.567,7.567,7.296,17.205,0.545,23.956c-6.37,6.37-13.938,5.771-18.783,2.776l-5.609,22.05L258.736,273.684z M284.162,249.782\t\t\tc2.994-2.994,2.504-7.187-0.545-10.235l-8.166-8.166l-9.8,9.8l8.167,8.166C276.866,252.396,281.059,252.886,284.162,249.782z\"></path>\t\t<path d=\"M281.061,296.008l29.509-29.509l-10.617-10.617l6.806-6.806l28.965,28.965l-6.806,6.806l-10.563-10.563l-29.509,29.509\t\t\tL281.061,296.008z\"></path>\t\t<path d=\"M331.422,346.369l17.259-17.259l-23.03-23.03l-17.259,17.259l-3.104-3.104l36.314-36.314l3.104,3.104l-16.225,16.225\t\t\tl23.03,23.03l16.225-16.225l3.104,3.104l-36.314,36.314L331.422,346.369z\"></path>\t\t<path d=\"M352.819,367.767l33.483-33.483l-11.868-11.868l2.831-2.831l26.895,26.895l-2.831,2.831L389.46,337.44l-33.483,33.483\t\t\tL352.819,367.767z\"></path>\t\t<path d=\"M405.088,420.035l32.395-32.395l-45.625,19.164l-1.197-1.197l19.109-45.68l-32.395,32.395l-3.103-3.103l36.314-36.314\t\t\tl4.628,4.628l-17.858,42.575l42.521-17.912l4.683,4.683l-36.314,36.314L405.088,420.035z\"></path>\t\t<path d=\"M416.523,431.471l36.314-36.314l3.157,3.157l-33.483,33.483l17.586,17.586l-2.831,2.831L416.523,431.471z\"></path>\t\t<path d=\"M448.429,452.813h4.137c-0.979,5.662,0.328,10.672,5.01,15.354c5.281,5.281,12.903,5.28,17.857,0.326\t\t\tc5.499-5.499,5.063-12.685-0.163-17.911c-3.321-3.321-7.241-5.063-12.358-5.282l-1.361-3.32l19.056-19.056l20.961,20.961\t\t\tl-2.831,2.831l-17.857-17.857l-14.21,14.21c3.538,0.054,8.274,1.524,12.031,5.281c6.098,6.098,7.568,15.625,0.001,23.192\t\t\tc-7.241,7.241-17.26,6.152-23.956-0.544C448.701,464.955,447.339,458.911,448.429,452.813z\"></path>\t</g></g></svg>"}],"quantities":[{"size":"Size 1","quantity":3},{"size":"Size 2","quantity":0}],"prices":[{"label":"Item Price","price":"$20"},{"label":"Total","price":"$74.44","isTotal":true}],"namesNumbers":[],"notes":"","design":{"type":"ordered"}}}